city,districts,state,Environmental Stance,temp_f,is_day,wind_mph,wind_kph,wind_degree,wind_dir,pressure_mb,pressure_in,precip_mm,precip_in,humidity,cloud,feelslike_f,windchill_f,heatindex_f,dewpoint_f,vis_km,vis_miles,uv,gust_mph,gust_kph
New York,"['NY-10', 'NY-12', 'NY-13']",New York,100.0,,,,,,,,,,,,,,,,,,,,,
Buffalo,['NY-26'],New York,97.22222222222221,66.9,1,16.1,25.9,20,NNE,1015.0,29.98,0.26,0.01,57,50,66.9,59.9,59.8,52.3,16.0,9.0,4.0,19.2,30.9
Rochester,['MN-1'],Minnesota,0,66.0,1,10.5,16.9,40,NE,1016.0,30.0,0.01,0.0,43,50,66.0,57.3,58.7,46.6,16.0,9.0,3.0,15.0,24.1
Yonkers,['NY-16'],New York,97.22222222222221,,,,,,,,,,,,,,,,,,,,,
Syracuse,['NY-24'],New York,0.0,,,,,,,,,,,,,,,,,,,,,
Albany,['GA-2'],Georgia,0,73.0,1,12.5,20.2,300,WNW,1013.0,29.91,0.04,0.0,41,50,76.2,68.8,70.9,50.4,16.0,9.0,5.0,17.0,27.4
New Rochelle,['NY-16'],New York,97.22222222222221,74.9,1,2.5,4.0,112,ESE,1012.0,29.88,0.0,0.0,37,44,76.3,74.9,76.3,48.1,10.0,6.0,6.0,2.8,4.6
Mount Vernon,['NY-16'],New York,97.22222222222221,73.0,1,5.6,9.0,350,N,1013.0,29.91,0.0,0.0,43,75,75.3,75.1,76.3,47.8,16.0,9.0,6.0,10.1,16.2
Schenectady,['NY-20'],New York,100.0,,,,,,,,,,,,,,,,,,,,,
Utica,['NY-22'],New York,8.333333333333332,68.0,1,10.5,16.9,300,WNW,1014.0,29.95,0.2,0.01,40,0,68.0,65.3,65.3,53.0,16.0,9.0,4.0,15.0,24.1
White Plains,['NY-17'],New York,19.444444444444446,,,,,,,,,,,,,,,,,,,,,
Hempstead,['NY-4'],New York,0,,,,,,,,,,,,,,,,,,,,,
Troy,['MI-11'],Michigan,100.0,66.9,1,15.0,24.1,10,N,1019.0,30.09,0.0,0.0,57,75,66.9,63.7,63.7,47.8,16.0,9.0,5.0,15.9,25.5
Niagara Falls,['NY-26'],New York,97.22222222222221,,,,,,,,,,,,,,,,,,,,,
Binghamton,['NY-22'],New York,8.333333333333332,,,,,,,,,,,,,,,,,,,,,
Freeport,['NY-4'],New York,0,73.9,1,9.4,15.1,220,SW,1013.0,29.92,0.0,0.0,53,75,76.6,72.8,75.9,52.1,16.0,9.0,6.0,13.9,22.3
Valley Stream,['NY-4'],New York,0,,,,,,,,,,,,,,,,,,,,,
Los Angeles,"['CA-34', 'CA-37', 'CA-40']",California,68.51851851851852,,,,,,,,,,,,,,,,,,,,,
San Diego,"['CA-52', 'CA-53']",California,100.0,62.1,1,8.1,13.0,220,SW,1018.0,30.07,0.0,0.0,75,75,62.1,64.7,64.6,52.1,13.0,8.0,5.0,8.7,14.1
San Jose,['CA-19'],California,97.22222222222221,71.1,1,8.1,13.0,350,N,1019.0,30.09,0.0,0.0,44,0,71.1,71.4,72.5,43.6,16.0,9.0,6.0,12.5,20.2
San Francisco,['CA-12'],California,88.88888888888889,64.9,1,5.6,9.0,280,W,1020.0,30.11,0.0,0.0,54,25,64.9,59.9,59.9,46.2,16.0,9.0,5.0,6.8,11.0
Fresno,['CA-22'],California,16.666666666666664,77.0,1,10.5,16.9,270,W,1018.0,30.05,0.0,0.0,34,0,75.6,77.9,76.2,38.7,16.0,9.0,7.0,12.1,19.5
Sacramento,"['CA-6', 'CA-7']",California,0,,,,,,,,,,,,,,,,,,,,,
Long Beach,['CA-47'],California,94.44444444444444,65.1,1,3.8,6.1,220,SW,1016.0,30.01,0.0,0.0,67,75,65.1,63.5,63.5,52.8,14.0,8.0,5.0,9.5,15.3
Oakland,['CA-13'],California,5.555555555555555,,,,,,,,,,,,,,,,,,,,,
Bakersfield,['CA-23'],California,5.555555555555555,80.1,1,11.9,19.1,290,WNW,1017.0,30.04,0.0,0.0,26,0,77.0,80.3,77.5,35.6,16.0,9.0,7.0,16.3,26.3
Anaheim,['CA-46'],California,94.44444444444444,,,,,,,,,,,,,,,,,,,,,
Santa Ana,['CA-46'],California,94.44444444444444,64.9,1,4.3,6.8,160,SSE,1017.0,30.03,0.0,0.0,63,25,64.9,68.1,71.0,52.2,16.0,9.0,6.0,8.5,13.7
Riverside,['CA-41'],California,11.11111111111111,66.9,1,2.2,3.6,259,W,1017.0,30.03,0.0,0.0,66,0,66.9,73.6,75.0,48.8,11.0,6.0,6.0,5.1,8.3
Stockton,['CA-9'],California,0,,,,,,,,,,,,,,,,,,,,,
Chula Vista,['CA-51'],California,100.0,,,,,,,,,,,,,,,,,,,,,
Irvine,['CA-45'],California,0.0,64.9,1,4.3,6.8,160,SSE,1017.0,30.03,0.0,0.0,63,25,64.9,66.6,66.6,53.0,16.0,9.0,5.0,8.0,12.9
Fremont,['CA-17'],California,100.0,69.8,1,11.9,19.1,340,NNW,1019.0,30.09,0.0,0.0,53,0,69.8,70.5,72.1,44.3,14.0,8.0,6.0,16.3,26.3
San Bernardino,['CA-31'],California,63.888888888888886,,,,,,,,,,,,,,,,,,,,,
Modesto,['CA-10'],California,91.66666666666666,73.0,1,15.0,24.1,300,WNW,1017.0,30.04,0.0,0.0,44,0,74.4,76.4,75.6,42.6,16.0,9.0,6.0,15.4,24.8
Fontana,['CA-31'],California,63.888888888888886,69.1,1,5.6,9.0,240,WSW,1017.0,30.03,0.0,0.0,55,50,69.1,74.0,74.9,46.9,6.4,3.0,6.0,10.1,16.2
Oxnard,['CA-26'],California,97.22222222222221,62.3,1,7.4,11.9,227,SW,1017.0,30.03,0.0,0.0,74,0,62.3,62.3,62.3,54.3,10.0,6.0,5.0,8.5,13.7
Chicago,"['IL-1', 'IL-2', 'IL-3', 'IL-4', 'IL-5', 'IL-7', 'IL-9']",Illinois,0,68.0,1,9.4,15.1,10,N,1022.0,30.18,0.0,0.0,53,75,68.0,61.6,61.6,47.6,16.0,9.0,5.0,14.7,23.7
Aurora,['CO-6'],Colorado,0,82.6,1,12.5,20.2,180,S,1016.0,30.01,0.0,0.0,19,50,79.0,80.3,77.5,29.6,16.0,9.0,7.0,17.0,27.4
Rockford,['IL-16'],Illinois,5.555555555555555,70.0,1,6.9,11.2,350,N,1023.0,30.22,0.06,0.0,47,75,70.0,65.5,65.6,50.1,16.0,9.0,4.0,11.8,19.0
Joliet,['IL-11'],Illinois,97.22222222222221,,,,,,,,,,,,,,,,,,,,,
Naperville,"['IL-11', 'IL-6']",Illinois,97.22222222222221,69.1,1,11.9,19.1,350,N,1022.0,30.19,0.01,0.0,51,100,69.1,66.6,66.6,49.0,16.0,9.0,4.0,12.6,20.3
Springfield,['MO-7'],Missouri,0,73.9,1,8.1,13.0,320,NW,1011.0,29.86,0.0,0.0,40,75,75.4,74.3,76.1,46.5,16.0,9.0,6.0,12.5,20.2
Peoria,['AZ-8'],Arizona,0,92.1,1,6.9,11.2,200,SSW,1013.0,29.91,0.0,0.0,9,0,88.3,88.2,84.3,26.9,16.0,9.0,8.0,11.4,18.4
Elgin,['IL-6'],Illinois,0,69.1,1,11.9,19.1,350,N,1022.0,30.19,0.08,0.0,51,100,69.1,65.2,65.3,50.8,16.0,9.0,4.0,12.6,20.3
Waukegan,['IL-10'],Illinois,100.0,,,,,,,,,,,,,,,,,,,,,
Cicero,['IL-4'],Illinois,0,68.0,1,9.4,15.1,10,N,1022.0,30.18,0.0,0.0,53,75,68.0,65.2,65.2,46.0,16.0,9.0,5.0,13.4,21.5
Champaign,['IL-13'],Illinois,100.0,,,,,,,,,,,,,,,,,,,,,
Bloomington,['MN-3'],Minnesota,0,68.0,1,2.2,3.6,106,ESE,1024.0,30.24,0.0,0.0,43,75,68.0,66.9,66.9,46.5,16.0,9.0,5.0,6.4,10.4
Arlington Heights,['IL-9'],Illinois,0,68.0,1,12.5,20.2,10,N,1022.0,30.18,0.01,0.0,53,75,68.0,66.1,66.2,47.4,16.0,9.0,4.0,17.0,27.4
Evanston,['IL-9'],Illinois,0,60.2,1,13.6,22.0,20,NNE,1022.0,30.18,0.0,0.0,63,18,60.1,60.1,60.2,47.9,10.0,6.0,5.0,16.3,26.2
Decatur,['AL-5'],Alabama,0,71.1,1,2.2,3.6,354,N,1022.0,30.19,0.0,0.0,51,75,71.1,68.5,71.3,49.5,16.0,9.0,5.0,9.8,15.7
Schaumburg,['IL-8'],Illinois,0,68.0,1,12.5,20.2,10,N,1022.0,30.18,0.03,0.0,53,75,68.0,66.5,66.5,47.9,16.0,9.0,4.0,17.0,27.4
Bolingbrook,['IL-11'],Illinois,97.22222222222221,,,,,,,,,,,,,,,,,,,,,
Palatine,['IL-6'],Illinois,0,,,,,,,,,,,,,,,,,,,,,
Skokie,['IL-9'],Illinois,0,68.0,1,12.5,20.2,10,N,1022.0,30.18,0.0,0.0,53,75,68.0,61.9,62.0,47.4,16.0,9.0,5.0,14.9,24.0
Des Plaines,['IL-9'],Illinois,0,,,,,,,,,,,,,,,,,,,,,
Orland Park,['IL-3'],Illinois,0,66.2,1,10.5,16.9,360,N,1023.0,30.2,0.02,0.0,64,50,66.2,66.2,66.2,46.6,16.0,9.0,4.0,11.3,18.2
Tinley Park,['IL-3'],Illinois,0,65.6,1,10.1,16.2,9,N,1021.0,30.15,0.03,0.0,47,86,65.5,65.5,65.6,46.8,10.0,6.0,4.0,11.6,18.6
Oak Lawn,['IL-3'],Illinois,0,,,,,,,,,,,,,,,,,,,,,
Berwyn,['IL-4'],Illinois,0,,,,,,,,,,,,,,,,,,,,,
Mount Prospect,['IL-9'],Illinois,0,68.0,1,12.5,20.2,10,N,1022.0,30.18,0.01,0.0,53,75,68.0,65.7,65.7,47.4,16.0,9.0,4.0,17.0,27.4
Normal,['IL-13'],Illinois,100.0,,,,,,,,,,,,,,,,,,,,,
Wheaton,['IL-6'],Illinois,0,,,,,,,,,,,,,,,,,,,,,
Hoffman Estates,['IL-8'],Illinois,0,68.0,1,12.5,20.2,10,N,1022.0,30.18,0.03,0.0,53,75,68.0,66.4,66.4,48.1,16.0,9.0,4.0,17.0,27.4
Oak Park,['IL-7'],Illinois,0,68.0,1,9.4,15.1,10,N,1022.0,30.18,0.0,0.0,53,75,68.0,65.0,65.0,46.2,16.0,9.0,5.0,12.9,20.7
Downers Grove,['IL-6'],Illinois,0,67.5,1,9.6,15.5,346,NNW,1021.0,30.15,0.0,0.0,44,95,67.5,67.5,67.6,45.9,10.0,6.0,5.0,11.1,17.8
Elmhurst,['IL-6'],Illinois,0,,,,,,,,,,,,,,,,,,,,,
Glenview,['IL-9'],Illinois,0,64.0,1,9.4,15.1,70,ENE,1023.0,30.21,0.01,0.0,65,100,64.0,63.1,63.1,47.5,16.0,9.0,4.0,13.9,22.4
DeKalb,['IL-16'],Illinois,5.555555555555555,,,,,,,,,,,,,,,,,,,,,
Lombard,['IL-6'],Illinois,0,,,,,,,,,,,,,,,,,,,,,
Belleville,['IL-12'],Illinois,0.0,,,,,,,,,,,,,,,,,,,,,
Moline,['IL-17'],Illinois,97.22222222222221,72.0,1,11.9,19.1,30,NNE,1023.0,30.2,0.0,0.0,43,25,76.1,67.0,67.0,49.0,16.0,9.0,5.0,16.3,26.3
Buffalo Grove,['IL-10'],Illinois,100.0,64.0,1,9.4,15.1,70,ENE,1023.0,30.21,0.01,0.0,65,100,64.0,65.2,65.2,48.4,16.0,9.0,4.0,12.3,19.9
Bartlett,['TN-8'],Tennessee,0,82.4,1,5.6,9.0,50,NE,1021.0,30.14,0.0,0.0,45,0,83.4,79.9,80.8,58.9,16.0,9.0,7.0,6.2,9.9
Urbana,['IL-13'],Illinois,100.0,70.0,1,11.9,19.1,330,NNW,1022.0,30.19,0.0,0.0,55,75,70.0,68.2,68.2,48.9,16.0,9.0,5.0,16.3,26.3
Quincy,['MA-8'],Massachusetts,0,73.9,1,2.2,3.6,255,WSW,1012.0,29.87,0.0,0.0,45,75,76.1,72.5,75.4,47.9,16.0,9.0,6.0,6.7,10.8
Crystal Lake,['IL-14'],Illinois,91.66666666666666,69.1,1,11.9,19.1,350,N,1022.0,30.19,0.08,0.0,51,100,69.1,64.3,64.4,50.5,16.0,9.0,4.0,12.6,20.3
Plainfield,['NJ-12'],New Jersey,97.22222222222221,75.5,1,2.2,3.6,224,SW,1012.0,29.88,0.0,0.0,38,46,76.6,75.5,76.6,49.5,10.0,6.0,6.0,6.7,10.8
Streamwood,['IL-8'],Illinois,0,69.1,1,11.9,19.1,350,N,1022.0,30.19,0.05,0.0,51,100,69.1,66.1,66.1,49.0,16.0,9.0,4.0,12.1,19.5
Carol Stream,['IL-6'],Illinois,0,69.1,1,11.9,19.1,350,N,1022.0,30.19,0.03,0.0,51,100,69.1,66.4,66.5,48.7,16.0,9.0,4.0,12.1,19.5
Romeoville,['IL-11'],Illinois,97.22222222222221,66.2,1,10.5,16.9,360,N,1023.0,30.2,0.01,0.0,64,50,66.2,67.0,67.1,48.0,16.0,9.0,5.0,12.1,19.5
Rock Island,['IL-17'],Illinois,97.22222222222221,71.1,1,11.9,19.1,360,N,1023.0,30.22,0.0,0.0,45,0,71.1,67.0,67.0,49.0,16.0,9.0,5.0,16.3,26.3
Hanover Park,['IL-8'],Illinois,0,69.1,1,11.9,19.1,350,N,1022.0,30.19,0.05,0.0,51,100,69.1,66.1,66.1,49.0,16.0,9.0,4.0,12.1,19.5
Carpentersville,['IL-8'],Illinois,0,,,,,,,,,,,,,,,,,,,,,
Wheeling,['WV-1'],West Virginia,0,64.0,1,9.4,15.1,70,ENE,1023.0,30.21,0.01,0.0,65,100,64.0,65.2,65.2,48.4,16.0,9.0,4.0,12.3,19.9
Park Ridge,['IL-9'],Illinois,0,64.0,1,9.4,15.1,70,ENE,1023.0,30.21,0.01,0.0,65,100,64.0,64.7,64.8,46.8,16.0,9.0,4.0,12.6,20.3
Addison,['IL-8'],Illinois,0,68.0,1,12.5,20.2,10,N,1022.0,30.18,0.01,0.0,53,75,68.0,66.9,66.9,46.2,16.0,9.0,4.0,17.0,27.4
Calumet City,['IL-2'],Illinois,0,60.8,1,11.9,19.1,30,NNE,1023.0,30.2,0.0,0.0,94,0,60.8,62.6,62.6,47.5,16.0,9.0,5.0,14.4,23.2
Houston,"['TX-2', 'TX-7', 'TX-9', 'TX-18', 'TX-29']",Texas,75.0,86.0,1,13.6,22.0,100,E,1016.0,30.01,0.0,0.0,70,50,91.5,86.3,92.5,71.3,16.0,9.0,7.0,18.1,29.2
San Antonio,"['TX-20', 'TX-21', 'TX-23', 'TX-28', 'TX-35']",Texas,49.44444444444444,89.2,1,3.8,6.1,310,NW,1016.0,29.99,0.06,0.0,43,50,99.2,85.2,91.1,71.3,16.0,9.0,6.0,12.9,20.7
Dallas,"['TX-5', 'TX-30', 'TX-32']",Texas,98.61111111111111,,,,,,,,,,,,,,,,,,,,,
Austin,"['TX-10', 'TX-17', 'TX-21', 'TX-25', 'TX-35']",Texas,22.77777777777778,86.0,1,2.2,3.6,114,ESE,1016.0,30.01,0.03,0.0,57,25,94.1,80.3,84.3,69.9,16.0,9.0,6.0,9.3,14.9
Fort Worth,"['TX-6', 'TX-12', 'TX-24', 'TX-26']",Texas,2.7777777777777772,84.0,1,8.1,13.0,50,NE,1018.0,30.05,0.0,0.0,53,25,87.2,83.5,86.8,66.6,16.0,9.0,6.0,12.5,20.2
El Paso,['TX-16'],Texas,94.44444444444444,86.0,1,2.2,3.6,234,SW,1020.0,30.13,0.0,0.0,19,25,82.0,84.4,80.8,15.0,11.0,6.0,7.0,6.2,9.9
Arlington,['TX-6'],Texas,0,80.6,1,6.9,11.2,100,E,1018.0,30.06,0.0,0.0,58,0,82.3,83.9,87.1,66.3,16.0,9.0,6.0,7.5,12.0
Corpus Christi,['TX-27'],Texas,0.0,,,,,,,,,,,,,,,,,,,,,
Plano,['TX-3'],Texas,0,80.6,1,4.3,6.8,60,ENE,1018.0,30.07,0.01,0.0,58,0,82.9,82.4,85.7,67.1,21.0,13.0,6.0,6.2,9.9
Laredo,['TX-28'],Texas,63.888888888888886,89.1,1,10.5,16.9,60,ENE,1016.0,29.99,0.0,0.0,48,0,91.3,91.1,94.9,65.6,16.0,9.0,8.0,13.1,21.1
Lubbock,['TX-19'],Texas,0.0,80.1,1,9.4,15.1,160,SSE,1021.0,30.14,0.1,0.0,47,75,86.0,67.6,67.6,62.9,16.0,9.0,5.0,14.7,23.7
Garland,['TX-32'],Texas,97.22222222222221,82.4,1,6.9,11.2,90,E,1018.0,30.05,0.01,0.0,58,25,85.8,82.2,85.8,68.0,16.0,9.0,6.0,7.0,11.2
Irving,['TX-24'],Texas,0.0,,,,,,,,,,,,,,,,,,,,,
Amarillo,['TX-13'],Texas,0.0,,,,,,,,,,,,,,,,,,,,,
Grand Prairie,"['TX-30', 'TX-33']",Texas,100.0,80.6,1,6.9,11.2,100,E,1018.0,30.06,0.01,0.0,58,0,82.4,83.9,87.3,66.6,16.0,9.0,6.0,7.5,12.0
Brownsville,['TX-34'],Texas,77.77777777777779,89.1,1,2.2,3.6,10,N,1016.0,29.99,0.01,0.0,65,75,91.6,95.2,103.6,70.2,16.0,9.0,8.0,15.9,25.7
Pasadena,['TX-36'],Texas,0.0,84.2,1,12.5,20.2,80,E,1016.0,30.01,0.02,0.0,75,75,89.3,85.1,91.5,72.1,13.0,8.0,6.0,13.0,20.8
McKinney,['TX-3'],Texas,0,,,,,,,,,,,,,,,,,,,,,
Mesquite,['TX-5'],Texas,0,82.4,1,6.9,11.2,90,E,1018.0,30.05,0.01,0.0,58,25,86.4,81.7,85.5,68.9,16.0,9.0,6.0,8.7,14.1
McAllen,['TX-15'],Texas,0.0,,,,,,,,,,,,,,,,,,,,,
Killeen,['TX-31'],Texas,2.7777777777777777,,,,,,,,,,,,,,,,,,,,,
Frisco,['TX-3'],Texas,0,80.6,1,4.3,6.8,60,ENE,1018.0,30.07,0.0,0.0,58,0,82.8,82.9,86.1,67.0,21.0,13.0,7.0,6.7,10.8
Waco,['TX-17'],Texas,0.0,,,,,,,,,,,,,,,,,,,,,
Carrollton,['TX-24'],Texas,0.0,83.3,1,5.4,8.6,113,ESE,1017.0,30.03,0.0,0.0,56,11,86.5,83.3,86.5,66.5,10.0,6.0,7.0,6.2,9.9
Denton,['TX-26'],Texas,0.0,81.0,1,2.2,3.6,10,N,1018.0,30.06,0.0,0.0,62,0,83.7,82.0,85.3,67.5,16.0,9.0,7.0,7.7,12.4
Midland,['MI-4'],Michigan,0,80.2,1,3.8,6.1,210,SSW,1019.0,30.1,0.41,0.02,49,0,83.2,80.1,82.1,64.2,16.0,9.0,6.0,16.5,26.5
Abilene,['TX-19'],Texas,0.0,,,,,,,,,,,,,,,,,,,,,
Beaumont,['TX-14'],Texas,0.0,86.0,1,8.1,13.0,100,E,1017.0,30.03,0.08,0.0,70,50,97.8,79.2,83.2,69.8,16.0,9.0,6.0,11.8,18.9
Round Rock,['TX-31'],Texas,2.7777777777777777,,,,,,,,,,,,,,,,,,,,,
Odessa,['TX-11'],Texas,0.0,,,,,,,,,,,,,,,,,,,,,
Wichita Falls,['TX-13'],Texas,0.0,81.5,1,8.1,13.0,100,E,1018.0,30.07,0.0,0.0,52,0,83.2,82.0,84.1,64.1,16.0,9.0,6.0,11.5,18.4
Richardson,['TX-32'],Texas,97.22222222222221,80.6,1,4.3,6.8,60,ENE,1018.0,30.07,0.01,0.0,58,0,82.9,82.5,85.8,67.1,21.0,13.0,6.0,6.4,10.4
Lewisville,['TX-26'],Texas,0.0,,,,,,,,,,,,,,,,,,,,,
Tyler,['TX-1'],Texas,0,,,,,,,,,,,,,,,,,,,,,
College Station,['TX-17'],Texas,0.0,,,,,,,,,,,,,,,,,,,,,
Pearland,['TX-22'],Texas,0.0,86.0,1,13.6,22.0,100,E,1016.0,30.01,0.03,0.0,70,50,92.8,85.3,91.8,72.4,16.0,9.0,7.0,18.1,29.2
San Angelo,['TX-11'],Texas,0.0,,,,,,,,,,,,,,,,,,,,,
Allen,['TX-3'],Texas,0,,,,,,,,,,,,,,,,,,,,,
League City,['TX-14'],Texas,0.0,,,,,,,,,,,,,,,,,,,,,
Sugar Land,['TX-22'],Texas,0.0,87.1,1,10.5,16.9,80,E,1016.0,30.01,0.03,0.0,75,100,96.0,85.7,92.9,73.0,16.0,9.0,6.0,13.0,20.8
Longview,['TX-1'],Texas,0,73.9,1,2.2,3.6,132,SE,1019.0,30.08,0.0,0.0,87,75,77.2,81.5,84.8,67.9,16.0,9.0,7.0,7.2,11.6
Edinburg,['TX-15'],Texas,0.0,,,,,,,,,,,,,,,,,,,,,
Mission,['TX-15'],Texas,0.0,,,,,,,,,,,,,,,,,,,,,
Bryan,['TX-17'],Texas,0.0,,,,,,,,,,,,,,,,,,,,,
Baytown,['TX-36'],Texas,0.0,,,,,,,,,,,,,,,,,,,,,
Pharr,['TX-15'],Texas,0.0,,,,,,,,,,,,,,,,,,,,,
Temple,['TX-31'],Texas,2.7777777777777777,79.1,1,9.2,14.8,113,ESE,1017.0,30.03,0.07,0.0,77,79,83.4,79.1,83.4,71.0,9.0,5.0,6.0,11.6,18.7
Missouri City,['TX-22'],Texas,0.0,87.1,1,10.5,16.9,80,E,1016.0,30.01,0.03,0.0,75,100,95.7,86.0,93.0,72.7,16.0,9.0,6.0,12.3,19.9
Flower Mound,['TX-26'],Texas,0.0,,,,,,,,,,,,,,,,,,,,,
Harlingen,['TX-34'],Texas,77.77777777777779,89.1,1,5.6,9.0,140,SE,1015.0,29.98,0.0,0.0,59,0,90.2,96.6,103.8,68.4,16.0,9.0,9.0,12.3,19.9
North Richland Hills,['TX-24'],Texas,0.0,84.0,1,8.1,13.0,50,NE,1018.0,30.05,0.0,0.0,53,25,86.7,84.0,87.0,66.0,16.0,9.0,6.0,12.5,20.2
Victoria,['TX-27'],Texas,0.0,,,,,,,,,,,,,,,,,,,,,
Conroe,['TX-8'],Texas,0,86.0,1,8.1,13.0,110,ESE,1017.0,30.03,0.0,0.0,61,0,91.4,84.9,89.9,69.8,16.0,9.0,6.0,9.7,15.7
New Braunfels,['TX-21'],Texas,2.7777777777777777,,,,,,,,,,,,,,,,,,,,,
Mansfield,['OH-12'],Ohio,0.0,,,,,,,,,,,,,,,,,,,,,
Cedar Park,['TX-31'],Texas,2.7777777777777777,,,,,,,,,,,,,,,,,,,,,
Rowlett,['TX-32'],Texas,97.22222222222221,82.4,1,6.9,11.2,90,E,1018.0,30.05,0.01,0.0,58,25,85.8,82.2,85.8,68.0,16.0,9.0,6.0,7.0,11.2
Port Arthur,['TX-14'],Texas,0.0,,,,,,,,,,,,,,,,,,,,,
Euless,['TX-24'],Texas,0.0,,,,,,,,,,,,,,,,,,,,,
Georgetown,['TX-31'],Texas,2.7777777777777777,,,,,,,,,,,,,,,,,,,,,
Pflugerville,['TX-17'],Texas,0.0,78.8,1,9.2,14.8,109,ESE,1017.0,30.02,0.02,0.0,75,85,82.8,78.8,82.8,70.3,10.0,6.0,6.0,10.6,17.0
DeSoto,['TX-30'],Texas,100.0,,,,,,,,,,,,,,,,,,,,,
San Marcos,['TX-35'],Texas,100.0,62.1,1,8.1,13.0,260,W,1017.0,30.03,0.0,0.0,72,50,62.1,67.9,70.9,51.5,16.0,9.0,6.0,9.5,15.3
Grapevine,['TX-24'],Texas,0.0,,,,,,,,,,,,,,,,,,,,,
Bedford,['TX-24'],Texas,0.0,,,,,,,,,,,,,,,,,,,,,
Galveston,['TX-14'],Texas,0.0,84.2,1,12.5,20.2,80,E,1016.0,30.01,0.0,0.0,75,75,93.2,81.9,88.3,73.9,13.0,8.0,7.0,22.6,36.3
Cedar Hill,['TX-30'],Texas,100.0,82.0,1,8.1,13.0,60,ENE,1018.0,30.05,0.01,0.0,60,0,85.5,81.7,85.3,68.2,16.0,9.0,6.0,8.5,13.7
Texas City,['TX-14'],Texas,0.0,,,,,,,,,,,,,,,,,,,,,
Wylie,['TX-3'],Texas,0,81.9,1,5.6,9.0,135,SE,1017.0,30.04,0.01,0.0,63,70,85.7,81.9,85.7,68.4,9.0,5.0,6.0,6.4,10.4
Haltom City,['TX-12'],Texas,8.333333333333332,82.9,1,6.9,11.2,50,NE,1017.0,30.04,0.0,0.0,57,0,85.2,84.0,87.0,66.0,16.0,9.0,6.0,11.4,18.4
Keller,['TX-26'],Texas,0.0,,,,,,,,,,,,,,,,,,,,,
Coppell,['TX-24'],Texas,0.0,,,,,,,,,,,,,,,,,,,,,
Rockwall,['TX-4'],Texas,0,81.0,1,5.6,9.0,130,SE,1018.0,30.06,0.01,0.0,58,0,84.2,81.3,85.0,68.3,16.0,9.0,6.0,6.3,10.2
Huntsville,['AL-5'],Alabama,0,82.0,1,9.4,15.1,330,NNW,1021.0,30.14,0.0,0.0,32,0,83.1,78.0,79.2,57.6,16.0,9.0,7.0,13.9,22.3
Duncanville,['TX-30'],Texas,100.0,,,,,,,,,,,,,,,,,,,,,
Sherman,['TX-4'],Texas,0,81.0,1,8.5,13.7,111,ESE,1018.0,30.05,0.0,0.0,62,20,84.0,81.0,84.0,67.1,10.0,6.0,7.0,9.8,15.7
The Colony,['TX-26'],Texas,0.0,80.6,1,4.3,6.8,60,ENE,1018.0,30.07,0.0,0.0,58,0,82.8,82.9,86.1,67.0,21.0,13.0,7.0,6.7,10.8
Burleson,['TX-6'],Texas,0,82.9,1,2.2,3.6,127,SE,1018.0,30.05,0.0,0.0,57,0,86.2,82.9,86.6,67.7,16.0,9.0,7.0,8.0,12.9
Hurst,['TX-24'],Texas,0.0,80.6,1,6.9,11.2,100,E,1018.0,30.06,0.0,0.0,58,0,82.2,84.1,87.2,66.1,16.0,9.0,6.0,11.4,18.4
Lancaster,['OH-15'],Ohio,2.7777777777777777,82.9,1,21.7,34.9,280,W,1016.0,29.99,0.0,0.0,19,0,79.3,79.1,76.5,33.6,16.0,9.0,7.0,26.2,42.1
Texarkana,['TX-4'],Texas,0,82.0,1,8.1,13.0,150,SSE,1019.0,30.1,0.0,0.0,63,50,85.7,79.7,82.6,66.7,16.0,9.0,6.0,9.0,14.5
Friendswood,['TX-14'],Texas,0.0,84.2,1,12.5,20.2,80,E,1016.0,30.01,0.05,0.0,75,75,91.4,83.6,90.4,73.7,13.0,8.0,6.0,13.9,22.4
Weslaco,['TX-15'],Texas,0.0,96.5,1,10.5,16.9,158,SSE,1013.0,29.91,0.0,0.0,40,3,103.4,96.5,103.4,68.5,10.0,6.0,9.0,12.1,19.5
Philadelphia,"['PA-2', 'PA-3', 'PA-5']",Pennsylvania,0,,,,,,,,,,,,,,,,,,,,,
Pittsburgh,['PA-18'],Pennsylvania,0,64.0,1,6.9,11.2,350,N,1015.0,29.97,1.06,0.04,75,75,64.0,64.0,63.9,55.7,16.0,9.0,4.0,11.4,18.4
Allentown,['PA-7'],Pennsylvania,0,68.0,1,8.1,13.0,70,ENE,1014.0,29.94,0.0,0.0,61,100,68.0,72.0,75.6,54.0,16.0,9.0,6.0,12.5,20.2
Erie,['PA-16'],Pennsylvania,2.7777777777777777,,,,,,,,,,,,,,,,,,,,,
Reading,['PA-6'],Pennsylvania,0,,,,,,,,,,,,,,,,,,,,,
Scranton,['PA-8'],Pennsylvania,0,,,,,,,,,,,,,,,,,,,,,
Bethlehem,['PA-7'],Pennsylvania,0,,,,,,,,,,,,,,,,,,,,,
Harrisburg,['PA-10'],Pennsylvania,0.0,,,,,,,,,,,,,,,,,,,,,
Altoona,['PA-13'],Pennsylvania,0.0,,,,,,,,,,,,,,,,,,,,,
York,['PA-10'],Pennsylvania,0.0,,,,,,,,,,,,,,,,,,,,,
State College,['PA-12'],Pennsylvania,100.0,57.2,1,4.3,6.8,330,NNW,1015.0,29.98,0.55,0.02,100,100,56.8,65.3,65.3,55.1,16.0,9.0,4.0,6.8,10.9
Wilkes-Barre,['PA-8'],Pennsylvania,0,69.1,1,2.2,3.6,10,N,1014.0,29.95,0.73,0.03,51,75,69.1,67.8,67.8,56.9,16.0,9.0,4.0,5.3,8.5
Phoenix,"['AZ-1', 'AZ-3', 'AZ-4', 'AZ-5', 'AZ-7', 'AZ-9']",Arizona,0,87.8,1,2.2,3.6,10,N,1013.0,29.9,0.0,0.0,13,0,83.8,88.6,84.7,26.2,16.0,9.0,8.0,4.6,7.5
Tucson,"['AZ-2', 'AZ-3']",Arizona,0,90.0,1,4.3,6.8,290,WNW,1017.0,30.02,0.0,0.0,9,0,86.0,85.3,81.6,17.6,16.0,9.0,7.0,4.6,7.5
Mesa,['AZ-5'],Arizona,0,91.9,1,2.2,3.6,163,SSE,1014.0,29.93,0.0,0.0,12,0,88.1,88.2,84.4,26.0,16.0,9.0,8.0,5.1,8.3
Chandler,['AZ-5'],Arizona,0,,,,,,,,,,,,,,,,,,,,,
Glendale,['AZ-8'],Arizona,0,87.8,1,2.2,3.6,10,N,1013.0,29.9,0.0,0.0,13,0,83.8,88.4,84.5,26.7,16.0,9.0,8.0,3.9,6.2
Scottsdale,['AZ-6'],Arizona,0,91.9,1,2.2,3.6,151,SSE,1014.0,29.93,0.0,0.0,12,0,88.1,87.9,84.0,26.0,16.0,9.0,8.0,5.1,8.3
Gilbert,['AZ-5'],Arizona,0,91.4,1,5.6,9.0,160,SSE,1014.0,29.95,0.0,0.0,11,0,87.5,88.4,84.6,25.9,16.0,9.0,8.0,10.1,16.2
Tempe,['AZ-9'],Arizona,0,93.9,1,2.2,3.6,150,SSE,1013.0,29.91,0.0,0.0,11,25,90.4,88.4,84.5,26.0,16.0,9.0,8.0,4.9,7.9
Surprise,['AZ-8'],Arizona,0,,,,,,,,,,,,,,,,,,,,,
Yuma,['AZ-3'],Arizona,0,91.0,1,9.4,15.1,250,WSW,1012.0,29.89,0.0,0.0,18,0,87.2,87.6,84.1,35.7,16.0,9.0,8.0,13.9,22.3
Avondale,['AZ-3'],Arizona,0,92.1,1,6.9,11.2,200,SSW,1013.0,29.91,0.0,0.0,9,0,88.3,88.1,84.3,27.3,16.0,9.0,8.0,11.4,18.4
Goodyear,['AZ-3'],Arizona,0,92.1,1,6.9,11.2,200,SSW,1013.0,29.91,0.0,0.0,9,0,88.3,88.1,84.3,27.3,16.0,9.0,8.0,11.4,18.4
Flagstaff,['AZ-1'],Arizona,0,,,,,,,,,,,,,,,,,,,,,
Buckeye,['AZ-3'],Arizona,0,89.3,1,3.6,5.8,191,SSW,1012.0,29.88,0.0,0.0,11,1,85.6,89.3,85.6,29.1,10.0,6.0,8.0,4.1,6.6
Lake Havasu City,['AZ-4'],Arizona,0,93.9,1,2.2,3.6,10,N,1012.0,29.88,0.0,0.0,15,0,90.4,85.7,81.8,29.6,16.0,9.0,7.0,7.2,11.6
Casa Grande,['AZ-1'],Arizona,0,,,,,,,,,,,,,,,,,,,,,
Sierra Vista,['AZ-2'],Arizona,0,78.2,1,2.2,3.6,192,SSW,1021.0,30.15,0.0,0.0,8,0,75.6,78.2,75.6,12.0,10.0,6.0,7.0,8.7,14.1
Maricopa,['AZ-1'],Arizona,0,80.1,1,11.9,19.1,290,WNW,1017.0,30.04,0.0,0.0,26,0,77.6,77.0,75.4,37.3,16.0,9.0,7.0,16.3,26.3
Oro Valley,['AZ-2'],Arizona,0,90.0,1,4.3,6.8,290,WNW,1017.0,30.02,0.0,0.0,9,0,86.0,85.1,81.4,18.7,16.0,9.0,7.0,8.2,13.2
Prescott,['AZ-4'],Arizona,0,,,,,,,,,,,,,,,,,,,,,
Bullhead City,['AZ-4'],Arizona,0,,,,,,,,,,,,,,,,,,,,,
Prescott Valley,['AZ-4'],Arizona,0,,,,,,,,,,,,,,,,,,,,,
Marana,['AZ-1'],Arizona,0,,,,,,,,,,,,,,,,,,,,,
Apache Junction,['AZ-4'],Arizona,0,,,,,,,,,,,,,,,,,,,,,
Jacksonville,['NC-3'],North Carolina,0,93.9,1,12.5,20.2,330,NNW,1017.0,30.04,0.0,0.0,26,75,90.7,94.7,92.0,49.0,16.0,9.0,9.0,17.0,27.4
Miami,"['FL-24', 'FL-25', 'FL-27']",Florida,71.29629629629629,93.0,1,6.9,11.2,260,W,1017.0,30.02,0.0,0.0,46,50,102.1,89.4,95.3,69.3,16.0,9.0,8.0,11.6,18.6
Tampa,['FL-14'],Florida,91.66666666666666,,,,,,,,,,,,,,,,,,,,,
Orlando,"['FL-7', 'FL-9', 'FL-10']",Florida,100.0,,,,,,,,,,,,,,,,,,,,,
St. Petersburg,['FL-13'],Florida,0.0,,,,,,,,,,,,,,,,,,,,,
Hialeah,['FL-25'],Florida,100.0,93.0,1,6.9,11.2,260,W,1017.0,30.02,0.0,0.0,46,50,97.4,92.7,97.6,66.4,16.0,9.0,8.0,7.7,12.4
Tallahassee,['FL-5'],Florida,0,91.0,1,2.2,3.6,344,NNW,1019.0,30.09,0.0,0.0,32,50,88.3,90.2,87.7,49.4,16.0,9.0,8.0,8.2,13.2
Fort Lauderdale,['FL-20'],Florida,97.22222222222221,89.1,1,8.1,13.0,140,SE,1016.0,30.01,0.0,0.0,61,50,92.0,91.6,97.1,67.6,16.0,9.0,8.0,8.5,13.7
Port St. Lucie,['FL-18'],Florida,0.0,,,,,,,,,,,,,,,,,,,,,
Cape Coral,['FL-19'],Florida,0.0,,,,,,,,,,,,,,,,,,,,,
Pembroke Pines,['FL-23'],Florida,97.22222222222221,89.1,1,8.1,13.0,140,SE,1016.0,30.01,0.0,0.0,61,50,90.2,93.7,98.0,65.6,16.0,9.0,8.0,12.5,20.2
Hollywood,['FL-23'],Florida,97.22222222222221,89.1,1,8.1,13.0,140,SE,1016.0,30.01,0.0,0.0,61,50,93.0,90.8,96.4,68.5,16.0,9.0,8.0,8.7,14.1
Miramar,['FL-24'],Florida,100.0,93.0,1,6.9,11.2,260,W,1017.0,30.02,0.0,0.0,46,50,96.3,93.8,98.0,65.4,16.0,9.0,8.0,11.4,18.4
Gainesville,['FL-3'],Florida,0,91.9,1,11.9,19.1,310,NW,1018.0,30.06,0.0,0.0,32,0,88.3,94.5,91.9,48.7,16.0,9.0,9.0,16.3,26.3
Coral Springs,['FL-22'],Florida,97.22222222222221,93.9,1,8.1,13.0,290,WNW,1016.0,30.01,0.0,0.0,51,50,94.1,97.0,99.5,61.2,16.0,9.0,9.0,12.5,20.2
Miami Gardens,['FL-24'],Florida,100.0,,,,,,,,,,,,,,,,,,,,,
Clearwater,['FL-13'],Florida,0.0,93.9,1,12.5,20.2,330,NNW,1018.0,30.05,0.0,0.0,43,0,106.4,86.6,90.6,68.3,16.0,9.0,8.0,15.9,25.7
Palm Bay,['FL-8'],Florida,0,91.0,1,18.6,29.9,60,ENE,1016.0,30.0,0.0,0.0,60,75,100.1,87.7,93.5,70.3,16.0,9.0,8.0,23.0,37.1
Pompano Beach,['FL-22'],Florida,97.22222222222221,,,,,,,,,,,,,,,,,,,,,
West Palm Beach,['FL-21'],Florida,2.7777777777777777,,,,,,,,,,,,,,,,,,,,,
Lakeland,['FL-15'],Florida,5.555555555555555,,,,,,,,,,,,,,,,,,,,,
Davie,['FL-23'],Florida,97.22222222222221,,,,,,,,,,,,,,,,,,,,,
Miami Beach,['FL-27'],Florida,13.88888888888889,87.8,1,10.5,16.9,140,SE,1016.0,30.01,0.0,0.0,56,14,94.0,87.8,94.0,70.6,10.0,6.0,8.0,12.4,20.0
Sunrise,['FL-20'],Florida,97.22222222222221,,,,,,,,,,,,,,,,,,,,,
Plantation,['FL-20'],Florida,97.22222222222221,95.1,1,4.0,6.5,154,SSE,1016.0,29.99,0.0,0.0,35,22,98.7,95.1,98.7,63.9,10.0,6.0,9.0,4.6,7.5
Boca Raton,['FL-22'],Florida,97.22222222222221,,,,,,,,,,,,,,,,,,,,,
Deltona,['FL-6'],Florida,0,,,,,,,,,,,,,,,,,,,,,
Largo,['FL-13'],Florida,0.0,,,,,,,,,,,,,,,,,,,,,
Deerfield Beach,['FL-22'],Florida,97.22222222222221,88.0,1,9.4,15.1,110,ESE,1017.0,30.02,0.0,0.0,66,75,90.6,91.0,96.6,67.9,16.0,9.0,8.0,9.8,15.7
Palm Coast,['FL-6'],Florida,0,89.6,1,11.9,19.1,30,NNE,1017.0,30.03,0.0,0.0,43,0,93.0,88.0,90.7,64.6,11.0,6.0,8.0,12.6,20.3
Melbourne,['FL-8'],Florida,0,,,,,,,,,,,,,,,,,,,,,
Boynton Beach,['FL-18'],Florida,0.0,91.4,1,6.9,11.2,117,ESE,1016.0,29.99,0.0,0.0,45,14,96.8,91.4,96.8,67.6,10.0,6.0,8.0,8.0,12.9
Lauderhill,['FL-20'],Florida,97.22222222222221,,,,,,,,,,,,,,,,,,,,,
Weston,['FL-23'],Florida,97.22222222222221,,,,,,,,,,,,,,,,,,,,,
Fort Myers,['FL-19'],Florida,0.0,,,,,,,,,,,,,,,,,,,,,
Kissimmee,['FL-9'],Florida,0,,,,,,,,,,,,,,,,,,,,,
Homestead,['FL-26'],Florida,8.333333333333332,,,,,,,,,,,,,,,,,,,,,
Tamarac,['FL-20'],Florida,97.22222222222221,,,,,,,,,,,,,,,,,,,,,
Delray Beach,['FL-21'],Florida,2.7777777777777777,88.0,1,9.4,15.1,110,ESE,1017.0,30.02,0.0,0.0,66,75,90.3,91.4,96.8,67.7,16.0,9.0,8.0,13.9,22.3
Daytona Beach,['FL-6'],Florida,0,89.6,1,11.9,19.1,30,NNE,1017.0,30.03,0.0,0.0,43,0,93.2,88.2,91.1,64.9,11.0,6.0,8.0,13.5,21.7
North Miami,['FL-24'],Florida,100.0,93.0,1,6.9,11.2,260,W,1017.0,30.02,0.0,0.0,46,50,100.2,90.8,96.4,68.3,16.0,9.0,8.0,9.5,15.3
Wellington,['FL-21'],Florida,2.7777777777777777,,,,,,,,,,,,,,,,,,,,,
North Port,['FL-17'],Florida,0.0,95.0,1,12.5,20.2,240,WSW,1017.0,30.03,0.0,0.0,46,50,98.2,95.2,99.3,64.9,16.0,9.0,9.0,18.5,29.8
Jupiter,['FL-18'],Florida,0.0,,,,,,,,,,,,,,,,,,,,,
Ocala,['FL-3'],Florida,0,,,,,,,,,,,,,,,,,,,,,
Port Orange,['FL-6'],Florida,0,,,,,,,,,,,,,,,,,,,,,
Margate,['FL-22'],Florida,97.22222222222221,,,,,,,,,,,,,,,,,,,,,
Coconut Creek,['FL-22'],Florida,97.22222222222221,,,,,,,,,,,,,,,,,,,,,
Sanford,['FL-7'],Florida,0,93.0,1,9.4,15.1,350,N,1017.0,30.02,0.0,0.0,39,0,90.0,96.9,95.5,52.3,16.0,9.0,9.0,11.3,18.2
Sarasota,['FL-16'],Florida,2.7777777777777777,,,,,,,,,,,,,,,,,,,,,
Pensacola,['FL-1'],Florida,0,87.1,1,5.6,9.0,80,E,1019.0,30.1,0.0,0.0,34,25,86.3,88.8,89.0,58.0,16.0,9.0,8.0,6.4,10.4
Bradenton,['FL-16'],Florida,2.7777777777777777,90.0,1,17.4,28.1,280,W,1017.0,30.04,0.0,0.0,64,75,95.8,89.1,94.2,68.8,16.0,9.0,8.0,21.9,35.3
Palm Beach Gardens,['FL-18'],Florida,0.0,93.0,1,2.2,3.6,84,E,1017.0,30.02,0.0,0.0,46,50,102.0,89.3,95.3,69.1,16.0,9.0,8.0,9.5,15.3
Pinellas Park,['FL-13'],Florida,0.0,93.9,1,12.5,20.2,330,NNW,1018.0,30.05,0.0,0.0,43,0,104.7,87.9,92.0,67.9,16.0,9.0,8.0,15.4,24.8
Coral Gables,['FL-27'],Florida,13.88888888888889,,,,,,,,,,,,,,,,,,,,,
Doral,['FL-25'],Florida,100.0,,,,,,,,,,,,,,,,,,,,,
Bonita Springs,['FL-19'],Florida,0.0,91.0,1,13.6,22.0,320,NW,1017.0,30.04,0.0,0.0,64,0,96.6,90.8,96.8,68.8,16.0,9.0,8.0,15.9,25.7
Apopka,['FL-10'],Florida,100.0,96.3,1,11.4,18.4,310,NW,1016.0,30.0,0.0,0.0,23,12,94.9,96.3,94.9,52.7,10.0,6.0,9.0,13.1,21.1
Titusville,['FL-8'],Florida,0,87.6,1,11.9,19.1,30,NNE,1016.0,30.0,0.0,0.0,66,50,87.5,91.5,94.0,62.5,16.0,9.0,8.0,16.3,26.3
North Miami Beach,['FL-22'],Florida,97.22222222222221,90.3,1,8.3,13.3,138,SE,1016.0,30.01,0.0,0.0,49,16,96.0,90.3,96.0,68.9,10.0,6.0,8.0,9.5,15.3
Oakland Park,['FL-22'],Florida,97.22222222222221,90.4,1,8.7,14.0,142,SE,1016.0,30.0,0.0,0.0,48,13,96.2,90.4,96.2,68.6,10.0,6.0,8.0,10.0,16.2
Fort Pierce,['FL-18'],Florida,0.0,90.0,1,2.2,3.6,53,NE,1017.0,30.02,0.0,0.0,60,50,96.2,89.2,95.4,70.2,16.0,9.0,8.0,16.2,26.1
North Lauderdale,['FL-20'],Florida,97.22222222222221,93.9,1,8.1,13.0,290,WNW,1016.0,30.01,0.0,0.0,51,50,94.6,96.5,99.2,61.8,16.0,9.0,9.0,12.5,20.2
Cutler Bay,['FL-26'],Florida,8.333333333333332,,,,,,,,,,,,,,,,,,,,,
Altamonte Springs,['FL-7'],Florida,0,95.0,1,16.1,25.9,310,NW,1017.0,30.03,0.0,0.0,32,0,92.5,96.8,95.4,52.6,16.0,9.0,9.0,20.6,33.1
St. Cloud,['MN-6'],Minnesota,0,,,,,,,,,,,,,,,,,,,,,
Greenacres,['FL-21'],Florida,2.7777777777777777,,,,,,,,,,,,,,,,,,,,,
Ormond Beach,['FL-6'],Florida,0,,,,,,,,,,,,,,,,,,,,,
Ocoee,['FL-10'],Florida,100.0,95.0,1,16.1,25.9,310,NW,1017.0,30.03,0.0,0.0,32,0,92.6,96.8,95.5,53.0,16.0,9.0,9.0,20.6,33.1
Hallandale Beach,['FL-23'],Florida,97.22222222222221,,,,,,,,,,,,,,,,,,,,,
Winter Garden,['FL-10'],Florida,100.0,,,,,,,,,,,,,,,,,,,,,
Aventura,['FL-23'],Florida,97.22222222222221,,,,,,,,,,,,,,,,,,,,,
Indianapolis,"['IN-5', 'IN-7']",Indiana,0,69.1,1,15.0,24.1,340,NNW,1021.0,30.15,0.0,0.0,55,75,69.1,66.8,67.0,48.6,16.0,9.0,5.0,19.5,31.3
Fort Wayne,['IN-3'],Indiana,0,68.0,1,2.2,3.6,335,NNW,1020.0,30.11,0.05,0.0,56,50,68.0,65.2,65.3,51.1,16.0,9.0,4.0,17.5,28.2
Evansville,['IN-8'],Indiana,0,72.0,1,9.4,15.1,300,WNW,1022.0,30.19,0.0,0.0,48,75,76.3,68.2,71.2,52.4,16.0,9.0,6.0,11.3,18.2
South Bend,['IN-2'],Indiana,0,63.0,1,16.1,25.9,300,WNW,1021.0,30.16,0.0,0.0,70,0,63.0,63.5,63.6,51.4,16.0,9.0,5.0,16.7,26.9
Carmel,['IN-5'],Indiana,0,66.9,1,16.1,25.9,360,N,1021.0,30.15,0.0,0.0,59,50,66.9,65.5,65.7,49.8,16.0,9.0,5.0,20.6,33.1
Fishers,['IN-5'],Indiana,0,,,,,,,,,,,,,,,,,,,,,
Hammond,['IN-1'],Indiana,0,60.8,1,11.9,19.1,30,NNE,1023.0,30.2,0.0,0.0,94,0,60.8,62.9,63.0,47.6,16.0,9.0,5.0,14.2,22.8
Gary,['IN-1'],Indiana,0,60.8,1,11.9,19.1,30,NNE,1023.0,30.2,0.0,0.0,94,0,60.8,60.3,60.5,48.4,16.0,9.0,5.0,15.2,24.4
Muncie,['IN-6'],Indiana,0,64.0,1,9.4,15.1,340,NNW,1020.0,30.12,0.13,0.01,70,100,64.0,64.6,64.9,51.2,16.0,9.0,4.0,18.6,30.0
Lafayette,['LA-3'],Louisiana,0,88.0,1,2.2,3.6,266,W,1018.0,30.07,0.28,0.01,66,0,93.0,86.0,90.8,68.3,16.0,9.0,7.0,4.4,7.1
Terre Haute,['IN-8'],Indiana,0,69.1,1,9.4,15.1,360,N,1022.0,30.17,0.0,0.0,57,75,69.1,67.5,67.5,51.2,16.0,9.0,5.0,12.6,20.3
Kokomo,['IN-5'],Indiana,0,,,,,,,,,,,,,,,,,,,,,
Anderson,['IN-5'],Indiana,0,64.4,1,10.5,16.9,330,NNW,1021.0,30.14,0.07,0.0,60,100,64.4,65.0,65.2,51.0,16.0,9.0,4.0,15.4,24.8
Noblesville,['IN-5'],Indiana,0,65.5,1,12.8,20.5,340,NNW,1020.0,30.11,0.01,0.0,57,74,65.3,65.3,65.5,50.6,10.0,6.0,4.0,15.3,24.7
Greenwood,['IN-9'],Indiana,0,65.9,1,12.1,19.4,358,N,1020.0,30.12,0.03,0.0,57,59,65.7,65.7,65.9,50.3,10.0,6.0,4.0,14.0,22.6
Elkhart,['IN-2'],Indiana,0,64.9,1,14.1,22.7,323,NW,1020.0,30.11,0.03,0.0,60,81,64.8,64.8,64.9,51.4,10.0,6.0,4.0,16.2,26.1
Mishawaka,['IN-2'],Indiana,0,,,,,,,,,,,,,,,,,,,,,
Lawrence,['KS-2'],Kansas,0,80.1,1,9.4,15.1,100,E,1021.0,30.16,0.0,0.0,44,0,82.1,74.3,76.9,58.9,16.0,9.0,6.0,12.6,20.3
Jeffersonville,['IN-9'],Indiana,0,,,,,,,,,,,,,,,,,,,,,
Columbus,['GA-2'],Georgia,0,64.4,1,10.5,16.9,330,NNW,1018.0,30.06,0.63,0.02,68,75,64.4,64.4,64.4,51.0,16.0,9.0,4.0,13.1,21.1
Portage,['MI-6'],Michigan,0,70.0,1,8.1,13.0,10,N,1020.0,30.13,0.65,0.03,57,50,70.0,63.2,63.4,52.9,16.0,9.0,4.0,13.1,21.1
Cleveland,['TN-3'],Tennessee,0,63.0,1,8.1,13.0,320,NW,1017.0,30.03,0.01,0.0,78,100,63.0,58.5,58.8,53.8,16.0,9.0,3.0,12.5,20.2
Cincinnati,['OH-1'],Ohio,0,,,,,,,,,,,,,,,,,,,,,
Toledo,['OH-9'],Ohio,0,71.1,1,11.9,19.1,330,NNW,1018.0,30.06,0.61,0.02,53,75,71.1,63.8,63.8,53.9,16.0,9.0,4.0,18.7,30.1
Akron,['OH-13'],Ohio,100.0,,,,,,,,,,,,,,,,,,,,,
Dayton,['OH-10'],Ohio,8.333333333333332,66.7,1,12.5,20.2,340,NNW,1019.0,30.08,0.08,0.0,60,75,66.7,63.8,64.0,51.5,16.0,9.0,4.0,16.7,26.9
Parma,['OH-16'],Ohio,0,,,,,,,,,,,,,,,,,,,,,
Canton,['OH-7'],Ohio,0,64.0,1,4.3,6.8,360,N,1018.0,30.07,0.15,0.01,78,50,64.0,64.5,64.5,51.8,16.0,9.0,4.0,17.3,27.9
Youngstown,['OH-13'],Ohio,100.0,55.9,1,2.2,3.6,339,NNW,1017.0,30.02,0.67,0.03,100,100,54.6,59.4,59.4,55.5,16.0,9.0,4.0,8.7,14.0
Lorain,['OH-9'],Ohio,0,,,,,,,,,,,,,,,,,,,,,
Hamilton,['OH-8'],Ohio,0,,,,,,,,,,,,,,,,,,,,,
Kettering,['OH-10'],Ohio,8.333333333333332,66.7,1,12.5,20.2,340,NNW,1019.0,30.08,0.08,0.0,60,75,66.7,63.8,64.0,51.5,16.0,9.0,4.0,16.7,26.9
Elyria,['OH-9'],Ohio,0,64.9,1,8.1,13.0,350,N,1017.0,30.04,0.01,0.0,73,75,64.9,59.2,60.0,53.0,16.0,9.0,3.0,12.1,19.5
Lakewood,['CO-7'],Colorado,0,78.8,1,10.5,16.9,290,WNW,1017.0,30.04,0.0,0.0,18,75,76.0,78.8,76.2,29.1,16.0,9.0,7.0,15.0,24.1
Cuyahoga Falls,['OH-13'],Ohio,100.0,57.0,1,8.1,13.0,280,W,1017.0,30.03,0.36,0.01,87,100,54.8,61.2,61.2,54.6,16.0,9.0,4.0,17.3,27.8
Middletown,['OH-8'],Ohio,0,66.7,1,11.9,19.1,300,WNW,1020.0,30.11,0.02,0.0,61,100,66.7,63.5,63.6,51.9,16.0,9.0,4.0,18.3,29.4
Euclid,['OH-11'],Ohio,100.0,58.7,1,5.4,8.6,323,NW,1016.0,30.02,0.02,0.0,87,54,58.5,58.5,58.7,54.0,10.0,6.0,3.0,7.1,11.5
Newark,"['NJ-8', 'NJ-10']",New Jersey,100.0,73.9,0,5.6,9.0,10,N,1013.0,29.9,0.0,0.0,45,100,77.3,64.8,64.9,54.5,16.0,9.0,1.0,9.1,14.6
Mentor,['OH-14'],Ohio,8.333333333333332,59.0,1,8.1,13.0,340,NNW,1017.0,30.03,0.04,0.0,88,100,58.4,59.2,59.4,53.3,16.0,9.0,3.0,12.5,20.2
Beavercreek,['OH-10'],Ohio,8.333333333333332,66.7,1,12.5,20.2,340,NNW,1019.0,30.08,0.08,0.0,60,75,66.7,63.1,63.3,51.5,16.0,9.0,4.0,17.0,27.3
Cleveland Heights,['OH-11'],Ohio,100.0,,,,,,,,,,,,,,,,,,,,,
Strongsville,['OH-16'],Ohio,0,,,,,,,,,,,,,,,,,,,,,
Dublin,['OH-12'],Ohio,0.0,,,,,,,,,,,,,,,,,,,,,
Fairfield,['OH-8'],Ohio,0,79.2,1,9.4,15.1,250,WSW,1018.0,30.05,0.0,0.0,26,0,77.6,77.3,75.9,41.8,16.0,9.0,7.0,13.9,22.3
Findlay,['OH-5'],Ohio,0,,,,,,,,,,,,,,,,,,,,,
Warren,['MI-9'],Michigan,0,,,,,,,,,,,,,,,,,,,,,
Lima,['OH-4'],Ohio,0,,,,,,,,,,,,,,,,,,,,,
Huber Heights,['OH-10'],Ohio,8.333333333333332,66.0,1,11.9,19.1,340,NNW,1019.0,30.1,0.09,0.0,61,75,66.0,63.1,63.3,51.5,16.0,9.0,4.0,17.0,27.3
Westerville,['OH-12'],Ohio,0.0,63.0,1,10.5,16.9,330,NNW,1018.0,30.05,0.83,0.03,67,75,63.0,63.8,63.8,53.1,16.0,9.0,4.0,17.2,27.6
Marion,['OH-4'],Ohio,0,64.0,1,11.9,19.1,350,N,1018.0,30.06,0.34,0.01,70,75,64.0,62.8,62.8,53.7,16.0,9.0,4.0,25.7,41.4
Grove City,['OH-15'],Ohio,2.7777777777777777,,,,,,,,,,,,,,,,,,,,,
Charlotte,"['NC-9', 'NC-12']",North Carolina,100.0,,,,,,,,,,,,,,,,,,,,,
Raleigh,['NC-2'],North Carolina,0,82.0,1,5.6,9.0,270,W,1016.0,29.99,0.0,0.0,37,50,80.4,82.1,80.6,49.1,16.0,9.0,7.0,10.6,17.0
Greensboro,['NC-6'],North Carolina,0,80.1,1,15.0,24.1,280,W,1016.0,29.99,0.0,0.0,34,50,78.9,79.9,79.0,48.1,16.0,9.0,7.0,19.5,31.3
Durham,['NC-4'],North Carolina,0,82.0,1,5.6,9.0,270,W,1016.0,29.99,0.0,0.0,37,50,80.6,81.6,80.3,49.7,16.0,9.0,7.0,9.5,15.3
Winston-Salem,['NC-5'],North Carolina,0,80.1,1,15.0,24.1,280,W,1016.0,29.99,0.0,0.0,34,50,78.6,79.6,78.6,46.2,16.0,9.0,7.0,19.5,31.3
Fayetteville,['AR-3'],Arkansas,0,87.1,1,2.2,3.6,284,WNW,1015.0,29.98,0.0,0.0,35,50,85.9,84.1,82.8,52.3,16.0,9.0,7.0,8.5,13.7
Cary,['NC-4'],North Carolina,0,82.0,1,5.6,9.0,270,W,1016.0,29.99,0.0,0.0,37,50,80.3,81.8,80.3,48.0,16.0,9.0,7.0,10.3,16.6
Wilmington,['DE-1'],Delaware,0,88.0,1,6.9,11.2,290,WNW,1015.0,29.97,0.0,0.0,39,50,89.6,85.1,85.0,58.2,16.0,9.0,7.0,8.3,13.3
High Point,['NC-6'],North Carolina,0,,,,,,,,,,,,,,,,,,,,,
Greenville,['SC-4'],South Carolina,0,84.2,1,5.6,9.0,270,W,1015.0,29.96,0.0,0.0,37,0,84.1,82.0,81.9,56.0,16.0,9.0,7.0,7.7,12.4
Asheville,['NC-11'],North Carolina,5.555555555555555,,,,,,,,,,,,,,,,,,,,,
Concord,['NH-2'],New Hampshire,0,,,,,,,,,,,,,,,,,,,,,
Gastonia,['NC-10'],North Carolina,0.0,82.0,1,2.2,3.6,294,WNW,1017.0,30.04,0.0,0.0,38,0,79.8,82.1,80.1,45.9,16.0,9.0,7.0,11.1,17.8
Chapel Hill,['NC-4'],North Carolina,0,82.0,1,5.6,9.0,270,W,1016.0,29.99,0.0,0.0,37,50,80.8,80.8,79.9,50.2,16.0,9.0,7.0,8.7,14.1
Rocky Mount,['NC-1'],North Carolina,0,,,,,,,,,,,,,,,,,,,,,
Burlington,['VT-1'],Vermont,0,,,,,,,,,,,,,,,,,,,,,
Wilson,['NC-1'],North Carolina,0,,,,,,,,,,,,,,,,,,,,,
Huntersville,['NC-12'],North Carolina,100.0,,,,,,,,,,,,,,,,,,,,,
Kannapolis,['NC-8'],North Carolina,0,82.4,1,9.4,15.1,320,NW,1018.0,30.06,0.0,0.0,30,50,80.8,80.4,79.3,48.4,16.0,9.0,7.0,10.1,16.2
Apex,['NC-2'],North Carolina,0,,,,,,,,,,,,,,,,,,,,,
Hickory,['NC-10'],North Carolina,0.0,,,,,,,,,,,,,,,,,,,,,
Goldsboro,['NC-1'],North Carolina,0,,,,,,,,,,,,,,,,,,,,,
Detroit,"['MI-13', 'MI-14']",Michigan,100.0,60.8,1,2.2,3.6,14,NNE,1018.0,30.07,0.29,0.01,82,75,60.8,65.2,65.3,50.5,14.0,8.0,4.0,16.9,27.2
Grand Rapids,['MI-3'],Michigan,0,,,,,,,,,,,,,,,,,,,,,
Sterling Heights,['MI-10'],Michigan,13.88888888888889,67.5,1,15.0,24.1,20,NNE,1017.0,30.03,0.0,0.0,62,75,67.5,64.0,64.1,47.9,16.0,9.0,5.0,16.1,26.0
Ann Arbor,['MI-12'],Michigan,100.0,,,,,,,,,,,,,,,,,,,,,
Lansing,['MI-8'],Michigan,0,64.9,1,8.1,13.0,30,NNE,1020.0,30.13,0.03,0.0,63,75,64.9,61.2,61.4,50.0,16.0,9.0,4.0,15.2,24.4
Flint,['MI-5'],Michigan,0,66.0,1,9.4,15.1,360,N,1020.0,30.11,0.01,0.0,63,25,66.0,59.5,59.9,49.4,16.0,9.0,4.0,17.8,28.6
Dearborn,['MI-12'],Michigan,100.0,,,,,,,,,,,,,,,,,,,,,
Livonia,['MI-11'],Michigan,100.0,62.1,1,4.3,6.8,40,NE,1018.0,30.07,0.13,0.0,78,100,62.1,64.9,64.9,50.6,13.0,8.0,4.0,16.4,26.4
Westland,['MI-13'],Michigan,100.0,64.0,1,4.3,6.8,360,N,1018.0,30.07,0.15,0.01,78,50,64.0,64.5,64.5,51.8,16.0,9.0,4.0,17.3,27.9
Farmington Hills,['MI-14'],Michigan,0,66.9,1,15.0,24.1,10,N,1019.0,30.09,0.01,0.0,57,75,66.9,64.1,64.1,48.4,16.0,9.0,4.0,19.5,31.3
Kalamazoo,['MI-6'],Michigan,0,70.0,1,8.1,13.0,10,N,1020.0,30.13,0.69,0.03,57,50,70.0,63.4,63.5,52.8,16.0,9.0,4.0,13.4,21.6
Wyoming,['MI-3'],Michigan,0,66.0,1,9.4,15.1,30,NNE,1020.0,30.13,0.15,0.01,61,75,66.0,64.1,64.2,50.0,16.0,9.0,4.0,12.6,20.2
Southfield,['MI-14'],Michigan,0,68.7,1,9.4,15.1,20,NNE,1019.0,30.09,0.04,0.0,52,75,68.7,65.4,65.4,47.8,16.0,9.0,4.0,15.7,25.2
Rochester Hills,['MI-8'],Michigan,0,68.7,1,9.4,15.1,20,NNE,1019.0,30.09,0.0,0.0,52,75,68.7,62.9,63.0,48.1,16.0,9.0,5.0,15.9,25.5
Taylor,['MI-12'],Michigan,100.0,62.1,1,4.3,6.8,40,NE,1018.0,30.07,0.32,0.01,78,100,62.1,65.7,65.7,52.3,13.0,8.0,4.0,17.3,27.8
Pontiac,['MI-14'],Michigan,0,66.9,1,15.0,24.1,10,N,1019.0,30.09,0.01,0.0,57,75,66.9,61.6,61.9,48.5,16.0,9.0,4.0,15.1,24.3
St. Clair Shores,['MI-9'],Michigan,0,,,,,,,,,,,,,,,,,,,,,
Royal Oak,['MI-9'],Michigan,0,68.0,1,10.5,16.9,10,N,1018.0,30.06,0.01,0.0,57,75,68.0,65.2,65.2,47.3,16.0,9.0,4.0,15.8,25.4
Novi,['MI-11'],Michigan,100.0,,,,,,,,,,,,,,,,,,,,,
Dearborn Heights,['MI-12'],Michigan,100.0,62.1,1,4.3,6.8,40,NE,1018.0,30.07,0.19,0.01,78,100,62.1,65.7,65.7,50.6,13.0,8.0,4.0,14.8,23.8
Battle Creek,['MI-3'],Michigan,0,66.9,1,9.4,15.1,330,NNW,1020.0,30.11,0.18,0.01,59,100,66.9,62.9,62.9,52.1,16.0,9.0,4.0,13.8,22.2
Saginaw,['MI-5'],Michigan,0,60.8,1,9.4,15.1,40,NE,1021.0,30.14,0.0,0.0,59,0,60.8,55.1,58.0,42.1,16.0,9.0,4.0,15.4,24.8
Kentwood,['MI-3'],Michigan,0,,,,,,,,,,,,,,,,,,,,,
East Lansing,['MI-8'],Michigan,0,,,,,,,,,,,,,,,,,,,,,
Roseville,['MI-9'],Michigan,0,77.0,1,17.4,28.1,340,NNW,1018.0,30.05,0.0,0.0,32,0,77.3,74.9,75.3,46.3,16.0,9.0,6.0,21.9,35.3
Lincoln Park,['MI-12'],Michigan,100.0,62.1,1,4.3,6.8,40,NE,1018.0,30.07,0.35,0.01,78,100,62.1,65.8,65.8,52.2,13.0,8.0,4.0,17.8,28.7
Muskegon,['MI-2'],Michigan,0,66.9,1,10.5,16.9,300,WNW,1021.0,30.14,0.01,0.0,57,100,66.9,61.7,61.8,47.7,16.0,9.0,4.0,20.3,32.7
Memphis,['TN-9'],Tennessee,0,82.9,1,5.6,9.0,330,NNW,1020.0,30.13,0.0,0.0,40,25,83.2,80.7,81.2,57.0,16.0,9.0,7.0,5.7,9.1
Nashville-Davidson,['TN-5'],Tennessee,0,,,,,,,,,,,,,,,,,,,,,
Knoxville,['TN-2'],Tennessee,0,78.8,1,11.9,19.1,290,WNW,1019.0,30.09,0.0,0.0,39,50,78.8,76.4,77.0,49.6,14.0,8.0,6.0,13.6,22.0
Chattanooga,['TN-3'],Tennessee,0,,,,,,,,,,,,,,,,,,,,,
Clarksville,['TN-7'],Tennessee,0,76.3,1,12.5,20.2,310,NW,1021.0,30.14,0.0,0.0,36,50,78.4,72.0,75.8,56.4,16.0,9.0,6.0,17.0,27.4
Murfreesboro,['TN-4'],Tennessee,0,79.0,1,10.5,16.9,290,WNW,1021.0,30.14,0.02,0.0,35,75,80.4,75.3,77.3,57.3,16.0,9.0,5.0,10.6,17.0
Jackson,['MS-2'],Mississippi,0,,,,,,,,,,,,,,,,,,,,,
Franklin,['TN-7'],Tennessee,0,79.0,1,10.5,16.9,290,WNW,1021.0,30.14,0.0,0.0,35,75,80.2,75.2,77.2,56.5,16.0,9.0,6.0,10.8,17.4
Johnson City,['TN-1'],Tennessee,0,,,,,,,,,,,,,,,,,,,,,
Hendersonville,['TN-6'],Tennessee,0,,,,,,,,,,,,,,,,,,,,,
Kingsport,['TN-1'],Tennessee,0,,,,,,,,,,,,,,,,,,,,,
Collierville,['TN-8'],Tennessee,0,,,,,,,,,,,,,,,,,,,,,
Smyrna,['GA-11'],Georgia,0.0,82.0,1,11.9,19.1,320,NW,1019.0,30.1,0.0,0.0,29,50,79.4,82.8,80.4,44.0,16.0,9.0,7.0,12.9,20.7
Germantown,['TN-8'],Tennessee,0,69.1,1,2.2,3.6,10,N,1015.0,29.96,0.02,0.0,61,75,69.1,70.3,71.6,53.1,16.0,9.0,5.0,3.4,5.4
Brentwood,['TN-7'],Tennessee,0,73.9,1,2.2,3.6,205,SSW,1013.0,29.92,0.0,0.0,53,0,76.4,73.1,75.9,50.9,16.0,9.0,6.0,4.4,7.1
Boston,"['MA-7', 'MA-8']",Massachusetts,0,,,,,,,,,,,,,,,,,,,,,
Worcester,['MA-2'],Massachusetts,0,72.0,1,11.9,19.1,300,WNW,1013.0,29.91,0.0,0.0,41,0,74.9,71.4,72.4,45.8,16.0,9.0,6.0,16.3,26.3
Lowell,['MA-3'],Massachusetts,0,,,,,,,,,,,,,,,,,,,,,
Cambridge,['MA-5'],Massachusetts,0,,,,,,,,,,,,,,,,,,,,,
New Bedford,['MA-9'],Massachusetts,0,75.9,1,9.4,15.1,220,SW,1012.0,29.87,0.0,0.0,50,25,78.0,69.6,71.7,53.0,16.0,9.0,6.0,10.4,16.7
Brockton,['MA-8'],Massachusetts,0,73.1,1,2.7,4.3,283,WNW,1011.0,29.87,0.0,0.0,41,25,75.8,73.1,75.8,48.7,10.0,6.0,6.0,3.6,5.9
Lynn,['MA-6'],Massachusetts,0,67.5,1,6.9,11.2,307,NW,1011.0,29.86,0.0,0.0,43,32,67.5,67.5,67.5,45.2,10.0,6.0,6.0,8.0,12.9
Fall River,['MA-9'],Massachusetts,0,,,,,,,,,,,,,,,,,,,,,
Newton,['MA-4'],Massachusetts,0,75.9,1,8.1,13.0,300,WNW,1011.0,29.86,0.0,0.0,40,25,76.3,74.8,76.0,45.8,16.0,9.0,6.0,12.5,20.2
Somerville,['MA-7'],Massachusetts,0,,,,,,,,,,,,,,,,,,,,,
Waltham,['MA-5'],Massachusetts,0,,,,,,,,,,,,,,,,,,,,,
Haverhill,['MA-3'],Massachusetts,0,73.0,1,6.9,11.2,270,W,1012.0,29.89,0.0,0.0,43,75,74.9,74.7,76.0,45.7,16.0,9.0,6.0,8.7,14.1
Malden,['MA-5'],Massachusetts,0,,,,,,,,,,,,,,,,,,,,,
Medford,['OR-2'],Oregon,0,60.1,1,2.2,3.6,10,N,1028.0,30.35,0.0,0.0,40,50,60.1,60.0,59.9,35.5,16.0,9.0,5.0,3.4,5.4
Taunton,['MA-4'],Massachusetts,0,,,,,,,,,,,,,,,,,,,,,
Chicopee,['MA-1'],Massachusetts,0,73.9,1,8.1,13.0,320,NW,1011.0,29.86,0.0,0.0,40,75,75.4,73.4,75.8,46.3,16.0,9.0,6.0,12.5,20.2
Weymouth Town,['MA-8'],Massachusetts,0,,,,,,,,,,,,,,,,,,,,,
Revere,['MA-7'],Massachusetts,0,73.9,1,2.2,3.6,267,W,1012.0,29.87,0.0,0.0,45,75,75.7,74.0,75.8,47.2,16.0,9.0,6.0,6.7,10.8
Peabody,['MA-6'],Massachusetts,0,73.0,1,6.9,11.2,200,SSW,1012.0,29.87,0.0,0.0,51,50,75.8,72.5,75.7,49.5,16.0,9.0,6.0,11.4,18.4
Methuen,['MA-3'],Massachusetts,0,,,,,,,,,,,,,,,,,,,,,
Barnstable Town,['MA-9'],Massachusetts,0,,,,,,,,,,,,,,,,,,,,,
Pittsfield,['MA-1'],Massachusetts,0,70.0,1,10.5,16.9,290,WNW,1013.0,29.92,0.0,0.0,46,25,70.0,68.1,68.1,47.1,16.0,9.0,6.0,15.0,24.1
Attleboro,['MA-4'],Massachusetts,0,,,,,,,,,,,,,,,,,,,,,
Everett,['WA-2'],Washington,0,57.2,1,9.4,15.1,310,NW,1025.0,30.28,1.01,0.04,72,75,58.4,52.4,52.5,48.0,16.0,9.0,3.0,13.9,22.3
Salem,['OR-5'],Oregon,0,,,,,,,,,,,,,,,,,,,,,
Westfield,['MA-1'],Massachusetts,0,73.9,1,12.5,20.2,310,NW,1013.0,29.9,0.0,0.0,45,75,75.5,72.8,75.7,46.1,16.0,9.0,6.0,17.0,27.4
Leominster,['MA-2'],Massachusetts,0,,,,,,,,,,,,,,,,,,,,,
Fitchburg,['MA-2'],Massachusetts,0,70.7,1,2.2,3.6,314,NW,1012.0,29.88,0.0,0.0,41,0,70.7,70.7,71.9,47.4,10.0,6.0,6.0,8.5,13.7
Beverly,['MA-6'],Massachusetts,0,,,,,,,,,,,,,,,,,,,,,
Holyoke,['MA-1'],Massachusetts,0,73.9,1,8.1,13.0,320,NW,1011.0,29.86,0.0,0.0,40,75,75.5,73.1,75.8,46.2,16.0,9.0,6.0,12.5,20.2
Marlborough,['MA-3'],Massachusetts,0,72.1,1,4.5,7.2,286,WNW,1011.0,29.86,0.0,0.0,35,52,75.6,72.1,75.6,45.8,10.0,6.0,6.0,5.1,8.3
Woburn,['MA-5'],Massachusetts,0,75.9,1,8.1,13.0,300,WNW,1011.0,29.86,0.0,0.0,40,25,76.2,74.4,76.0,45.6,16.0,9.0,6.0,12.5,20.2
Chelsea,['MA-7'],Massachusetts,0,,,,,,,,,,,,,,,,,,,,,
Seattle,['WA-7'],Washington,0,57.0,1,13.6,22.0,170,S,1025.0,30.27,0.79,0.03,62,75,56.5,53.2,53.9,46.7,16.0,9.0,3.0,18.1,29.2
Spokane,['WA-5'],Washington,0,60.1,1,9.4,15.1,250,WSW,1021.0,30.14,0.0,0.0,35,50,60.1,55.2,57.1,32.0,16.0,9.0,4.0,17.8,28.6
Tacoma,['WA-6'],Washington,0,54.0,0,8.1,13.0,210,SSW,1025.0,30.28,0.0,0.0,77,0,52.9,42.2,44.7,43.5,16.0,9.0,1.0,9.3,15.0
Vancouver,['WA-3'],Washington,0,,,,,,,,,,,,,,,,,,,,,
Bellevue,['NE-1'],Nebraska,0,57.0,1,11.9,19.1,210,SSW,1025.0,30.27,1.03,0.04,59,75,56.4,51.6,52.7,47.9,16.0,9.0,3.0,16.3,26.3
Kent,['WA-9'],Washington,0,,,,,,,,,,,,,,,,,,,,,
Renton,['WA-9'],Washington,0,57.0,1,11.9,19.1,210,SSW,1025.0,30.27,1.05,0.04,59,75,55.5,51.0,53.1,48.5,16.0,9.0,3.0,16.3,26.3
Yakima,['WA-4'],Washington,0,61.0,1,2.2,3.6,10,N,1023.0,30.2,0.0,0.0,42,0,61.0,60.9,61.0,30.9,16.0,9.0,5.0,10.8,17.4
Federal Way,['WA-9'],Washington,0,55.0,1,18.6,29.9,200,SSW,1025.0,30.27,1.05,0.04,64,75,52.8,50.3,52.8,48.0,16.0,9.0,3.0,23.0,37.1
Spokane Valley,['WA-5'],Washington,0,60.1,1,9.4,15.1,250,WSW,1021.0,30.14,0.0,0.0,35,50,60.1,52.6,56.1,31.2,16.0,9.0,4.0,16.7,26.9
Bellingham,['WA-2'],Washington,0,52.0,1,10.5,16.9,130,SE,1025.0,30.26,0.25,0.01,86,50,49.9,47.1,49.6,46.0,16.0,9.0,2.0,15.0,24.1
Kennewick,['WA-4'],Washington,0,66.0,1,8.1,13.0,300,WNW,1022.0,30.19,0.0,0.0,43,75,66.0,63.4,63.6,37.9,16.0,9.0,5.0,17.2,27.8
Auburn,['AL-3'],Alabama,0,82.0,1,11.9,19.1,350,N,1021.0,30.15,0.0,0.0,38,0,79.9,84.9,82.7,48.7,16.0,9.0,7.0,16.3,26.3
Pasco,['WA-4'],Washington,0,66.0,1,8.1,13.0,300,WNW,1022.0,30.19,0.0,0.0,43,75,66.0,63.6,63.8,37.8,16.0,9.0,5.0,16.5,26.5
Marysville,['WA-1'],Washington,0,55.0,1,8.1,13.0,230,SW,1025.0,30.27,1.01,0.04,69,75,56.0,52.4,52.5,48.0,16.0,9.0,3.0,12.5,20.2
Redmond,['WA-1'],Washington,0,57.0,1,11.9,19.1,210,SSW,1025.0,30.27,1.13,0.04,59,75,56.8,51.6,52.3,48.4,16.0,9.0,3.0,16.3,26.3
Shoreline,['WA-7'],Washington,0,55.0,1,8.1,13.0,230,SW,1025.0,30.27,0.78,0.03,69,75,56.0,52.8,53.0,46.3,16.0,9.0,3.0,12.5,20.2
Richland,['WA-4'],Washington,0,,,,,,,,,,,,,,,,,,,,,
Kirkland,['WA-1'],Washington,0,57.0,1,13.6,22.0,170,S,1025.0,30.27,0.98,0.04,62,75,57.1,52.7,52.9,47.5,16.0,9.0,3.0,18.1,29.2
Burien,['WA-9'],Washington,0,55.0,1,18.6,29.9,200,SSW,1025.0,30.27,0.96,0.04,64,75,53.0,50.8,53.0,47.4,16.0,9.0,3.0,23.0,37.1
Sammamish,['WA-8'],Washington,0,57.0,1,11.9,19.1,210,SSW,1025.0,30.27,1.2,0.05,59,75,56.5,50.2,51.5,48.2,16.0,9.0,3.0,16.3,26.3
Olympia,['WA-10'],Washington,100.0,52.0,1,6.9,11.2,260,W,1026.0,30.31,0.55,0.02,80,75,48.8,53.3,55.4,47.6,6.4,3.0,3.0,13.0,21.0
Lacey,['WA-10'],Washington,100.0,,,,,,,,,,,,,,,,,,,,,
Edmonds,['WA-7'],Washington,0,,,,,,,,,,,,,,,,,,,,,
Bremerton,['WA-6'],Washington,0,57.9,1,15.0,24.1,220,SW,1025.0,30.26,0.44,0.02,67,50,57.8,57.1,57.4,43.4,16.0,9.0,3.0,19.5,31.3
Puyallup,['WA-10'],Washington,100.0,,,,,,,,,,,,,,,,,,,,,
Denver,['CO-1'],Colorado,0,81.0,1,10.5,16.9,200,SSW,1017.0,30.04,0.0,0.0,22,75,77.7,81.1,78.1,29.0,16.0,9.0,7.0,15.0,24.1
Colorado Springs,['CO-5'],Colorado,0,71.6,1,11.2,18.0,159,SSE,1012.0,29.88,0.0,0.0,34,22,73.2,71.6,73.2,42.4,10.0,6.0,6.0,12.9,20.7
Fort Collins,['CO-2'],Colorado,0,,,,,,,,,,,,,,,,,,,,,
Thornton,['CO-8'],Colorado,0,,,,,,,,,,,,,,,,,,,,,
Arvada,['CO-7'],Colorado,0,78.8,1,10.5,16.9,290,WNW,1017.0,30.04,0.0,0.0,18,75,76.0,78.6,76.0,31.3,16.0,9.0,7.0,15.0,24.1
Westminster,['CO-7'],Colorado,0,78.8,1,10.5,16.9,290,WNW,1017.0,30.04,0.0,0.0,18,75,76.0,79.3,76.6,31.7,16.0,9.0,7.0,15.0,24.1
Pueblo,['CO-3'],Colorado,0,73.0,1,2.2,3.6,138,SE,1019.0,30.08,0.0,0.0,44,0,75.3,75.2,75.4,46.6,10.0,6.0,6.0,4.6,7.5
Centennial,['CO-6'],Colorado,0,,,,,,,,,,,,,,,,,,,,,
Boulder,['CO-2'],Colorado,0,77.0,1,4.3,6.8,130,SE,1016.0,30.01,0.0,0.0,30,0,75.5,70.2,71.4,32.1,16.0,9.0,6.0,7.8,12.5
Greeley,['CO-4'],Colorado,0,,,,,,,,,,,,,,,,,,,,,
Longmont,['CO-2'],Colorado,0,,,,,,,,,,,,,,,,,,,,,
Loveland,['CO-2'],Colorado,0,,,,,,,,,,,,,,,,,,,,,
Grand Junction,['CO-3'],Colorado,0,,,,,,,,,,,,,,,,,,,,,
Broomfield,['CO-7'],Colorado,0,,,,,,,,,,,,,,,,,,,,,
Castle Rock,['CO-4'],Colorado,0,71.6,0,15.0,24.1,170,S,1021.0,30.16,0.0,0.0,33,0,76.1,47.3,50.6,45.4,16.0,9.0,1.0,16.0,25.7
Commerce City,['CO-8'],Colorado,0,,,,,,,,,,,,,,,,,,,,,
Parker,['CO-4'],Colorado,0,81.0,1,10.5,16.9,200,SSW,1017.0,30.04,0.0,0.0,22,75,77.7,78.6,76.1,29.1,16.0,9.0,7.0,15.0,24.1
Littleton,['CO-6'],Colorado,0,81.0,1,10.5,16.9,200,SSW,1017.0,30.04,0.0,0.0,22,75,77.7,80.0,77.1,28.8,16.0,9.0,7.0,15.0,24.1
Northglenn,['CO-8'],Colorado,0,78.8,1,10.5,16.9,290,WNW,1017.0,30.04,0.0,0.0,18,75,76.0,79.8,77.0,32.5,16.0,9.0,7.0,15.0,24.1
Washington,['DC-1'],District of Columbia,0,72.7,1,3.8,6.1,50,NE,1014.0,29.94,0.0,0.0,62,75,74.9,76.0,77.3,49.3,16.0,9.0,7.0,8.3,13.3
Baltimore,['MD-7'],Maryland,0,,,,,,,,,,,,,,,,,,,,,
Frederick,['MD-6'],Maryland,0,75.2,1,2.2,3.6,10,N,1014.0,29.94,0.03,0.0,47,0,77.4,69.6,71.3,54.3,16.0,9.0,5.0,3.6,5.8
Rockville,['MD-8'],Maryland,0,69.1,1,2.2,3.6,10,N,1015.0,29.96,0.0,0.0,61,75,69.1,72.0,76.0,50.5,16.0,9.0,6.0,3.6,5.8
Gaithersburg,['MD-6'],Maryland,0,,,,,,,,,,,,,,,,,,,,,
Bowie,['MD-5'],Maryland,0,69.8,1,3.8,6.1,50,NE,1015.0,29.96,0.0,0.0,60,75,69.8,77.1,77.4,49.2,16.0,9.0,7.0,6.2,9.9
Hagerstown,['MD-6'],Maryland,0,,,,,,,,,,,,,,,,,,,,,
Annapolis,['MD-3'],Maryland,0,,,,,,,,,,,,,,,,,,,,,
Louisville/Jefferson County,['KY-3'],Kentucky,0,,,,,,,,,,,,,,,,,,,,,
Lexington-Fayette,['KY-6'],Kentucky,0,64.9,1,10.5,16.9,290,WNW,1021.0,30.14,0.07,0.0,58,100,64.9,63.7,63.7,53.3,16.0,9.0,4.0,19.0,30.5
Bowling Green,['KY-2'],Kentucky,0,75.9,1,9.4,15.1,300,WNW,1021.0,30.15,0.0,0.0,37,0,78.4,68.4,68.4,54.7,16.0,9.0,6.0,13.4,21.5
Owensboro,['KY-2'],Kentucky,0,,,,,,,,,,,,,,,,,,,,,
Covington,['KY-4'],Kentucky,0,64.9,1,9.4,15.1,290,WNW,1020.0,30.11,0.13,0.0,58,100,64.9,65.3,65.4,53.3,16.0,9.0,4.0,12.5,20.1
Portland,['ME-1'],Maine,0,57.9,1,2.2,3.6,234,SW,1028.0,30.35,0.15,0.01,70,100,56.7,57.0,57.6,42.3,16.0,9.0,3.0,8.5,13.6
Eugene,['OR-4'],Oregon,0,,,,,,,,,,,,,,,,,,,,,
Gresham,['OR-3'],Oregon,0,59.0,1,10.5,16.9,250,WSW,1028.0,30.35,0.29,0.01,60,100,57.7,54.5,56.4,45.4,16.0,9.0,3.0,11.3,18.2
Hillsboro,['OR-1'],Oregon,0,,,,,,,,,,,,,,,,,,,,,
Beaverton,['OR-1'],Oregon,0,57.9,1,3.8,6.1,170,S,1028.0,30.36,0.08,0.0,70,25,56.7,56.8,57.8,40.8,16.0,9.0,4.0,8.5,13.6
Bend,['OR-2'],Oregon,0,,,,,,,,,,,,,,,,,,,,,
Corvallis,['OR-4'],Oregon,0,,,,,,,,,,,,,,,,,,,,,
Tigard,['OR-1'],Oregon,0,57.7,1,7.6,12.2,231,SW,1027.0,30.32,0.08,0.0,52,100,56.6,56.6,57.7,41.6,10.0,6.0,4.0,9.1,14.7
Lake Oswego,['OR-5'],Oregon,0,57.9,1,2.2,3.6,232,SW,1028.0,30.35,0.14,0.01,70,100,56.4,56.5,57.3,42.5,16.0,9.0,3.0,10.0,16.1
Keizer,['OR-5'],Oregon,0,,,,,,,,,,,,,,,,,,,,,
Oklahoma City,['OK-5'],Oklahoma,0,,,,,,,,,,,,,,,,,,,,,
Tulsa,['OK-1'],Oklahoma,0,,,,,,,,,,,,,,,,,,,,,
Norman,['OK-4'],Oklahoma,0,,,,,,,,,,,,,,,,,,,,,
Broken Arrow,['OK-1'],Oklahoma,0,,,,,,,,,,,,,,,,,,,,,
Lawton,['OK-4'],Oklahoma,0,,,,,,,,,,,,,,,,,,,,,
Edmond,['OK-5'],Oklahoma,0,75.9,1,9.4,15.1,150,SSE,1019.0,30.1,0.0,0.0,60,75,78.3,79.5,81.6,64.0,16.0,9.0,6.0,14.4,23.2
Moore,['OK-4'],Oklahoma,0,75.9,1,11.9,19.1,130,SE,1020.0,30.11,0.01,0.0,60,75,78.3,79.6,81.7,64.2,16.0,9.0,6.0,14.2,22.8
Midwest City,['OK-5'],Oklahoma,0,76.3,1,10.5,16.9,120,ESE,1018.0,30.06,0.0,0.0,61,75,78.6,79.0,81.2,64.3,16.0,9.0,6.0,14.7,23.6
Enid,['OK-3'],Oklahoma,0,80.6,1,11.9,19.1,160,SSE,1018.0,30.07,0.0,0.0,51,75,81.9,80.6,81.8,61.2,16.0,9.0,7.0,13.1,21.1
Stillwater,['OK-3'],Oklahoma,0,76.6,1,10.7,17.3,144,SE,1019.0,30.08,0.0,0.0,70,36,79.5,76.6,79.5,65.0,10.0,6.0,6.0,12.3,19.9
Muskogee,['OK-2'],Oklahoma,0,77.0,1,4.3,6.8,90,E,1021.0,30.14,0.0,0.0,69,0,79.5,75.8,78.5,63.2,16.0,9.0,6.0,9.1,14.7
Milwaukee,['WI-4'],Wisconsin,0,61.0,1,16.1,25.9,30,NNE,1023.0,30.21,0.02,0.0,60,50,61.0,53.7,56.9,47.7,16.0,9.0,3.0,18.7,30.1
Madison,['AL-5'],Alabama,0,66.0,1,10.5,16.9,10,N,1023.0,30.22,0.09,0.0,56,75,66.0,63.3,63.5,50.2,16.0,9.0,4.0,11.6,18.7
Green Bay,['WI-8'],Wisconsin,0,,,,,,,,,,,,,,,,,,,,,
Kenosha,['WI-1'],Wisconsin,0,,,,,,,,,,,,,,,,,,,,,
Racine,['WI-1'],Wisconsin,0,61.0,1,18.6,29.9,10,N,1024.0,30.23,0.0,0.0,62,0,61.0,53.8,56.9,47.5,16.0,9.0,4.0,23.0,37.1
Appleton,['WI-8'],Wisconsin,0,,,,,,,,,,,,,,,,,,,,,
Waukesha,['WI-5'],Wisconsin,0,62.6,1,8.1,13.0,20,NNE,1023.0,30.22,0.15,0.01,55,100,62.6,61.4,61.5,50.6,16.0,9.0,4.0,12.0,19.3
Eau Claire,['WI-3'],Wisconsin,0,,,,,,,,,,,,,,,,,,,,,
Oshkosh,['WI-6'],Wisconsin,0,64.9,1,11.9,19.1,70,ENE,1024.0,30.23,0.0,0.0,52,0,64.9,56.2,57.8,46.6,16.0,9.0,4.0,12.2,19.6
Janesville,['WI-1'],Wisconsin,0,66.2,1,5.6,9.0,340,NNW,1023.0,30.22,0.07,0.0,64,75,66.2,64.5,64.6,50.3,16.0,9.0,4.0,12.2,19.7
West Allis,['WI-4'],Wisconsin,0,61.0,1,16.1,25.9,30,NNE,1023.0,30.21,0.03,0.0,60,50,61.0,60.6,60.7,48.6,16.0,9.0,4.0,20.6,33.1
La Crosse,['WI-3'],Wisconsin,0,68.0,1,8.1,13.0,300,WNW,1024.0,30.23,0.02,0.0,50,0,68.0,64.1,64.1,50.9,16.0,9.0,4.0,12.5,20.2
Sheboygan,['WI-6'],Wisconsin,0,60.1,1,11.9,19.1,60,ENE,1024.0,30.23,0.0,0.0,67,25,60.1,52.0,55.6,45.7,16.0,9.0,4.0,18.4,29.7
Wauwatosa,['WI-5'],Wisconsin,0,,,,,,,,,,,,,,,,,,,,,
Fond du Lac,['WI-6'],Wisconsin,0,,,,,,,,,,,,,,,,,,,,,
New Berlin,['WI-5'],Wisconsin,0,62.6,1,8.1,13.0,20,NNE,1023.0,30.22,0.09,0.0,55,100,62.6,60.8,60.9,49.5,16.0,9.0,4.0,12.9,20.8
Wausau,['WI-7'],Wisconsin,0,62.6,1,4.3,6.8,40,NE,1024.0,30.24,0.02,0.0,48,75,62.6,61.5,61.6,45.5,16.0,9.0,4.0,4.4,7.1
Brookfield,['WI-5'],Wisconsin,0,,,,,,,,,,,,,,,,,,,,,
Greenfield,['WI-4'],Wisconsin,0,61.0,1,16.1,25.9,30,NNE,1023.0,30.21,0.03,0.0,60,50,61.0,60.6,60.7,48.6,16.0,9.0,4.0,20.6,33.1
Beloit,['WI-2'],Wisconsin,0,66.2,1,5.6,9.0,340,NNW,1023.0,30.22,0.07,0.0,64,75,66.2,64.9,64.9,50.4,16.0,9.0,4.0,12.1,19.5
Las Vegas,"['NV-1', 'NV-3', 'NV-4']",Nevada,0,,,,,,,,,,,,,,,,,,,,,
Henderson,['NV-3'],Nevada,0,89.1,1,5.1,8.3,179,S,1010.0,29.81,0.0,0.0,12,0,85.4,89.1,85.4,29.6,10.0,6.0,8.0,5.9,9.5
Reno,['NV-2'],Nevada,0,66.9,1,4.3,6.8,20,NNE,1022.0,30.19,0.0,0.0,36,25,66.9,65.4,65.4,35.9,16.0,9.0,5.0,8.5,13.7
North Las Vegas,['NV-4'],Nevada,0,,,,,,,,,,,,,,,,,,,,,
Sparks,['NV-2'],Nevada,0,66.9,1,4.3,6.8,20,NNE,1022.0,30.19,0.0,0.0,36,25,66.9,58.2,58.9,30.8,16.0,9.0,4.0,11.5,18.6
Carson City,['NV-2'],Nevada,0,,,,,,,,,,,,,,,,,,,,,
Albuquerque,['NM-1'],New Mexico,0,,,,,,,,,,,,,,,,,,,,,
Las Cruces,['NM-2'],New Mexico,0,,,,,,,,,,,,,,,,,,,,,
Rio Rancho,['NM-3'],New Mexico,0,,,,,,,,,,,,,,,,,,,,,
Santa Fe,['NM-3'],New Mexico,0,,,,,,,,,,,,,,,,,,,,,
Roswell,['GA-6'],Georgia,0,82.0,1,15.0,24.1,350,N,1020.0,30.11,0.0,0.0,32,0,79.3,82.6,80.2,43.6,16.0,9.0,7.0,19.5,31.3
Farmington,['NM-3'],New Mexico,0,,,,,,,,,,,,,,,,,,,,,
Clovis,['NM-3'],New Mexico,0,75.9,1,9.4,15.1,300,WNW,1018.0,30.05,0.0,0.0,33,0,75.5,77.7,76.5,42.1,16.0,9.0,7.0,10.3,16.6
Kansas City,['KS-3'],Kansas,0,77.0,1,11.9,19.1,100,E,1022.0,30.17,0.0,0.0,40,0,79.0,72.9,76.1,57.2,16.0,9.0,6.0,16.3,26.3
St. Louis,['MO-1'],Missouri,0,,,,,,,,,,,,,,,,,,,,,
Independence,['MO-6'],Missouri,0,75.0,1,10.5,16.9,130,SE,1022.0,30.19,0.0,0.0,45,0,77.6,72.2,75.4,56.9,16.0,9.0,6.0,15.0,24.1
Columbia,['SC-2'],South Carolina,0,86.0,1,8.1,13.0,320,NW,1016.0,30.01,0.0,0.0,34,50,83.5,86.8,84.4,49.5,16.0,9.0,8.0,10.0,16.2
Lee's Summit,['MO-5'],Missouri,0,,,,,,,,,,,,,,,,,,,,,
O'Fallon,['MO-2'],Missouri,0,,,,,,,,,,,,,,,,,,,,,
St. Joseph,['MO-6'],Missouri,0,,,,,,,,,,,,,,,,,,,,,
St. Charles,['MO-3'],Missouri,0,,,,,,,,,,,,,,,,,,,,,
St. Peters,['MO-3'],Missouri,0,,,,,,,,,,,,,,,,,,,,,
Blue Springs,['MO-6'],Missouri,0,,,,,,,,,,,,,,,,,,,,,
Florissant,['MO-1'],Missouri,0,73.0,1,3.8,6.1,330,NNW,1023.0,30.21,0.0,0.0,41,25,76.2,70.3,73.5,49.6,16.0,9.0,6.0,7.5,12.0
Joplin,['MO-7'],Missouri,0,,,,,,,,,,,,,,,,,,,,,
Chesterfield,['MO-2'],Missouri,0,,,,,,,,,,,,,,,,,,,,,
Jefferson City,['MO-3'],Missouri,0,,,,,,,,,,,,,,,,,,,,,
Cape Girardeau,['MO-8'],Missouri,0,,,,,,,,,,,,,,,,,,,,,
Virginia Beach,['VA-2'],Virginia,0,80.1,1,8.1,13.0,80,E,1014.0,29.95,0.0,0.0,45,50,81.1,75.7,77.8,56.3,16.0,9.0,6.0,12.5,20.2
Norfolk,['VA-3'],Virginia,0,80.1,1,5.6,9.0,50,NE,1015.0,29.97,0.0,0.0,47,50,79.9,79.4,79.5,53.3,16.0,9.0,7.0,6.1,9.8
Chesapeake,['VA-3'],Virginia,0,80.1,1,5.6,9.0,50,NE,1015.0,29.97,0.0,0.0,47,50,79.7,80.3,80.0,52.8,16.0,9.0,7.0,7.0,11.2
Richmond,['VA-4'],Virginia,0,80.1,1,12.5,20.2,210,SSW,1014.0,29.94,0.0,0.0,47,75,79.7,78.3,78.2,50.4,16.0,9.0,7.0,17.0,27.4
Newport News,['VA-3'],Virginia,0,80.1,1,5.6,9.0,50,NE,1015.0,29.97,0.0,0.0,47,50,79.9,78.9,79.1,52.6,16.0,9.0,7.0,10.1,16.2
Alexandria,['LA-5'],Louisiana,0,,,,,,,,,,,,,,,,,,,,,
Hampton,['VA-3'],Virginia,0,78.6,1,8.1,13.0,50,NE,1015.0,29.96,0.0,0.0,49,25,79.6,76.0,77.7,54.8,13.0,8.0,6.0,12.5,20.2
Roanoke,['VA-6'],Virginia,0,,,,,,,,,,,,,,,,,,,,,
Portsmouth,['VA-3'],Virginia,0,,,,,,,,,,,,,,,,,,,,,
Suffolk,['VA-3'],Virginia,0,83.3,1,9.4,15.1,250,WSW,1015.0,29.96,0.0,0.0,35,50,81.9,82.1,81.0,51.0,16.0,9.0,7.0,13.9,22.3
Lynchburg,['VA-6'],Virginia,0,78.1,1,6.9,11.2,10,N,1015.0,29.96,0.0,0.0,37,50,78.8,75.2,76.5,50.6,16.0,9.0,6.0,9.0,14.4
Harrisonburg,['VA-6'],Virginia,0,,,,,,,,,,,,,,,,,,,,,
Leesburg,['VA-10'],Virginia,63.888888888888886,67.7,1,4.5,7.2,297,WNW,1014.0,29.93,0.47,0.02,55,53,67.7,67.7,69.5,55.2,5.0,3.0,5.0,5.1,8.3
Charlottesville,['VA-5'],Virginia,0,71.1,1,2.2,3.6,266,W,1015.0,29.96,0.0,0.0,57,75,71.1,72.2,72.8,52.5,1.2,0.0,5.0,7.6,12.3
Danville,['VA-5'],Virginia,0,81.0,1,13.6,22.0,230,SW,1015.0,29.97,0.0,0.0,39,25,79.7,80.5,79.1,48.5,16.0,9.0,7.0,18.1,29.2
Blacksburg,['VA-9'],Virginia,0,,,,,,,,,,,,,,,,,,,,,
Manassas,['VA-10'],Virginia,63.888888888888886,68.0,1,8.1,13.0,10,N,1014.0,29.95,1.15,0.05,78,100,68.0,68.1,69.1,54.8,16.0,9.0,5.0,8.5,13.7
Atlanta,['GA-5'],Georgia,0,82.9,1,12.5,20.2,330,NNW,1020.0,30.12,0.0,0.0,31,50,79.7,83.8,80.9,42.0,16.0,9.0,7.0,12.6,20.3
Augusta-Richmond County,['GA-12'],Georgia,2.7777777777777777,,,,,,,,,,,,,,,,,,,,,
Savannah,['GA-1'],Georgia,0,89.2,1,11.9,19.1,330,NNW,1016.0,29.99,0.0,0.0,29,75,87.6,88.9,87.4,53.5,16.0,9.0,8.0,16.3,26.3
Athens-Clarke County,['GA-10'],Georgia,0.0,,,,,,,,,,,,,,,,,,,,,
Sandy Springs,['GA-6'],Georgia,0,82.0,1,11.9,19.1,320,NW,1019.0,30.1,0.0,0.0,29,50,79.2,83.3,80.7,43.2,16.0,9.0,7.0,12.9,20.7
Macon,['GA-2'],Georgia,0,,,,,,,,,,,,,,,,,,,,,
Johns Creek,['GA-6'],Georgia,0,,,,,,,,,,,,,,,,,,,,,
Warner Robins,['GA-8'],Georgia,0,86.4,1,9.4,15.1,330,NNW,1019.0,30.08,0.0,0.0,33,25,84.5,86.3,84.6,52.3,16.0,9.0,8.0,12.3,19.9
Alpharetta,['GA-6'],Georgia,0,,,,,,,,,,,,,,,,,,,,,
Marietta,['GA-11'],Georgia,0.0,81.0,1,2.2,3.6,327,NNW,1020.0,30.13,0.0,0.0,34,0,78.5,82.8,80.4,44.0,16.0,9.0,7.0,12.9,20.7
Valdosta,['GA-8'],Georgia,0,91.0,1,2.2,3.6,320,NW,1019.0,30.08,0.0,0.0,37,0,90.8,87.3,86.3,54.6,16.0,9.0,8.0,10.6,17.0
Dunwoody,['GA-6'],Georgia,0,,,,,,,,,,,,,,,,,,,,,
Omaha,['NE-2'],Nebraska,0,73.4,1,6.9,11.2,10,N,1021.0,30.16,0.0,0.0,44,0,76.6,71.3,74.8,52.6,16.0,9.0,6.0,10.6,17.0
Lincoln,['NE-1'],Nebraska,0,77.0,1,6.9,11.2,120,ESE,1022.0,30.18,0.0,0.0,40,0,78.6,72.4,75.3,53.8,16.0,9.0,6.0,13.1,21.1
Grand Island,['NE-3'],Nebraska,0,77.0,1,13.6,22.0,150,SSE,1021.0,30.15,0.0,0.0,42,50,78.6,74.0,76.0,55.7,16.0,9.0,6.0,15.4,24.8
Minneapolis,['MN-5'],Minnesota,0,,,,,,,,,,,,,,,,,,,,,
St. Paul,['MN-4'],Minnesota,0,,,,,,,,,,,,,,,,,,,,,
Duluth,['MN-8'],Minnesota,0,,,,,,,,,,,,,,,,,,,,,
Brooklyn Park,['MN-3'],Minnesota,0,66.9,1,8.1,13.0,80,E,1024.0,30.23,0.0,0.0,45,100,66.9,67.0,67.1,45.4,16.0,9.0,5.0,12.5,20.2
Plymouth,['MN-3'],Minnesota,0,,,,,,,,,,,,,,,,,,,,,
Eagan,['MN-2'],Minnesota,0,67.1,1,3.8,6.1,80,E,1024.0,30.23,0.0,0.0,47,0,67.1,65.7,65.7,47.7,16.0,9.0,5.0,7.0,11.2
Woodbury,['MN-4'],Minnesota,0,67.1,1,3.8,6.1,80,E,1024.0,30.23,0.0,0.0,47,0,67.1,65.5,65.6,48.6,16.0,9.0,5.0,6.4,10.4
Maple Grove,['MN-3'],Minnesota,0,66.9,1,8.1,13.0,80,E,1024.0,30.23,0.0,0.0,45,100,66.9,66.8,66.8,45.5,16.0,9.0,5.0,12.5,20.2
Eden Prairie,['MN-3'],Minnesota,0,69.1,1,6.9,11.2,80,E,1024.0,30.23,0.0,0.0,47,50,69.1,66.8,66.8,46.6,16.0,9.0,5.0,11.4,18.4
Coon Rapids,['MN-6'],Minnesota,0,66.9,1,8.1,13.0,80,E,1024.0,30.23,0.0,0.0,45,100,66.9,66.9,67.0,45.8,16.0,9.0,5.0,12.5,20.2
Burnsville,['MN-2'],Minnesota,0,,,,,,,,,,,,,,,,,,,,,
Blaine,['MN-6'],Minnesota,0,,,,,,,,,,,,,,,,,,,,,
Lakeville,['MN-2'],Minnesota,0,,,,,,,,,,,,,,,,,,,,,
Minnetonka,['MN-3'],Minnesota,0,69.1,1,6.9,11.2,80,E,1024.0,30.23,0.0,0.0,47,50,69.1,67.2,67.2,45.8,16.0,9.0,5.0,11.4,18.4
Apple Valley,['MN-2'],Minnesota,0,73.4,1,4.3,6.8,10,N,1017.0,30.03,0.0,0.0,17,0,72.7,79.4,76.6,28.9,16.0,9.0,7.0,14.4,23.2
Edina,['MN-3'],Minnesota,0,69.1,1,6.9,11.2,80,E,1024.0,30.23,0.0,0.0,47,50,69.1,67.1,67.2,45.5,16.0,9.0,5.0,11.4,18.4
St. Louis Park,['MN-5'],Minnesota,0,,,,,,,,,,,,,,,,,,,,,
Mankato,['MN-1'],Minnesota,0,66.2,1,2.2,3.6,10,N,1024.0,30.25,0.0,0.0,49,0,66.2,66.2,66.2,48.3,16.0,9.0,5.0,6.2,9.9
Maplewood,['MN-4'],Minnesota,0,68.0,1,2.2,3.6,104,ESE,1024.0,30.24,0.0,0.0,49,25,68.0,66.5,66.5,47.0,16.0,9.0,5.0,6.2,9.9
Moorhead,['MN-7'],Minnesota,0,,,,,,,,,,,,,,,,,,,,,
Shakopee,['MN-2'],Minnesota,0,69.1,1,6.9,11.2,80,E,1024.0,30.23,0.0,0.0,47,50,69.1,66.8,66.8,46.6,16.0,9.0,5.0,11.4,18.4
Wichita,['KS-4'],Kansas,0,78.1,1,11.9,19.1,160,SSE,1020.0,30.12,0.01,0.0,62,75,79.6,79.0,80.5,61.0,16.0,9.0,6.0,13.4,21.5
Overland Park,['KS-3'],Kansas,0,75.9,1,9.4,15.1,120,ESE,1022.0,30.18,0.0,0.0,47,0,78.1,73.2,76.3,56.9,16.0,9.0,6.0,10.6,17.0
Olathe,['KS-3'],Kansas,0,79.0,1,11.9,19.1,100,E,1022.0,30.18,0.0,0.0,42,0,80.9,73.4,76.4,58.0,16.0,9.0,6.0,16.3,26.3
Topeka,['KS-2'],Kansas,0,80.1,1,11.9,19.1,80,E,1021.0,30.15,0.0,0.0,45,0,82.1,74.6,77.1,59.3,10.0,6.0,6.0,13.6,22.0
Shawnee,['KS-3'],Kansas,0,77.0,1,11.9,19.1,100,E,1022.0,30.17,0.0,0.0,40,0,78.9,73.3,76.3,56.8,16.0,9.0,6.0,16.3,26.3
Manhattan,['KS-1'],Kansas,0,82.0,1,10.5,16.9,100,E,1021.0,30.14,0.0,0.0,47,0,84.7,75.9,78.0,60.7,16.0,9.0,6.0,14.7,23.6
Lenexa,['KS-3'],Kansas,0,75.9,1,9.4,15.1,120,ESE,1022.0,30.18,0.0,0.0,47,0,78.1,73.9,76.6,57.7,16.0,9.0,6.0,10.8,17.4
Salina,['KS-1'],Kansas,0,,,,,,,,,,,,,,,,,,,,,
Hutchinson,['KS-1'],Kansas,0,79.0,1,13.6,22.0,150,SSE,1020.0,30.12,0.0,0.0,54,75,79.8,79.6,80.4,58.1,16.0,9.0,6.0,14.7,23.6
New Orleans,['LA-2'],Louisiana,0,89.1,1,2.2,3.6,122,ESE,1018.0,30.07,0.0,0.0,63,75,90.8,91.7,95.4,65.2,16.0,9.0,8.0,3.6,5.8
Baton Rouge,['LA-6'],Louisiana,0,91.9,1,2.2,3.6,186,S,1018.0,30.07,0.0,0.0,46,0,97.3,89.4,93.2,66.1,16.0,9.0,8.0,5.1,8.3
Shreveport,['LA-4'],Louisiana,0,,,,,,,,,,,,,,,,,,,,,
Lake Charles,['LA-3'],Louisiana,0,84.2,1,2.2,3.6,10,N,1018.0,30.07,0.03,0.0,66,75,96.1,76.6,80.4,69.9,16.0,9.0,5.0,8.3,13.4
Kenner,['LA-2'],Louisiana,0,89.1,1,9.4,15.1,190,S,1018.0,30.07,0.0,0.0,61,75,96.2,87.2,92.7,69.9,16.0,9.0,8.0,13.9,22.3
Bossier City,['LA-4'],Louisiana,0,77.0,1,6.9,11.2,130,SE,1019.0,30.1,0.04,0.0,74,50,79.2,79.4,82.9,66.5,16.0,9.0,6.0,7.0,11.3
Monroe,['LA-5'],Louisiana,0,82.9,1,2.2,3.6,10,N,1020.0,30.11,0.03,0.0,61,75,85.0,81.2,83.0,63.2,16.0,9.0,6.0,5.7,9.1
Honolulu,['HI-1'],Hawaii,0,,,,,,,,,,,,,,,,,,,,,
Anchorage,['AK-1'],Alaska,0,50.0,1,4.3,6.8,100,E,1015.0,29.97,0.26,0.01,74,100,48.4,44.0,46.2,42.6,16.0,9.0,2.0,6.2,9.9
Jersey City,['NJ-8'],New Jersey,0,,,,,,,,,,,,,,,,,,,,,
Paterson,['NJ-9'],New Jersey,0,,,,,,,,,,,,,,,,,,,,,
Elizabeth,['NJ-8'],New Jersey,0,77.0,1,2.2,3.6,10,N,1013.0,29.91,0.0,0.0,43,75,77.5,75.4,76.5,49.6,16.0,9.0,6.0,2.8,4.6
Clifton,['NJ-11'],New Jersey,100.0,73.9,1,4.3,6.8,290,WNW,1013.0,29.92,0.0,0.0,41,75,75.5,75.5,76.4,47.6,16.0,9.0,7.0,8.7,14.0
Trenton,['NJ-12'],New Jersey,97.22222222222221,73.9,1,6.9,11.2,350,N,1013.0,29.92,0.0,0.0,52,25,75.9,76.8,77.3,49.9,16.0,9.0,7.0,11.4,18.4
Camden,['NJ-1'],New Jersey,0,77.0,1,10.5,16.9,220,SW,1013.0,29.92,0.0,0.0,42,75,77.1,77.8,77.7,48.5,16.0,9.0,7.0,15.0,24.1
Passaic,['NJ-9'],New Jersey,0,73.9,1,4.3,6.8,290,WNW,1013.0,29.92,0.0,0.0,41,75,75.5,75.8,76.7,47.7,16.0,9.0,7.0,8.7,14.0
Union City,['NJ-8'],New Jersey,0,68.0,1,2.2,3.6,317,NW,1019.0,30.1,0.0,0.0,50,0,68.0,68.4,70.2,45.4,16.0,9.0,6.0,7.2,11.6
Bayonne,['NJ-10'],New Jersey,100.0,77.0,1,2.2,3.6,10,N,1013.0,29.91,0.0,0.0,43,75,77.6,74.9,76.3,49.7,16.0,9.0,6.0,3.1,5.0
East Orange,['NJ-10'],New Jersey,100.0,,,,,,,,,,,,,,,,,,,,,
Vineland,['NJ-2'],New Jersey,0,77.0,1,2.2,3.6,274,W,1014.0,29.94,0.0,0.0,43,25,77.9,76.2,77.4,52.3,16.0,9.0,6.0,7.2,11.6
New Brunswick,['NJ-6'],New Jersey,0,75.0,1,3.8,6.1,10,N,1013.0,29.9,0.0,0.0,46,50,76.5,75.6,76.7,49.9,16.0,9.0,6.0,5.1,8.3
Hoboken,['NJ-8'],New Jersey,0,,,,,,,,,,,,,,,,,,,,,
Perth Amboy,['NJ-6'],New Jersey,0,75.9,1,8.1,13.0,300,WNW,1014.0,29.94,0.0,0.0,47,50,77.4,73.8,76.1,51.3,10.0,6.0,6.0,12.5,20.2
West New York,['NJ-8'],New Jersey,0,72.0,1,2.2,3.6,199,SSW,1014.0,29.94,0.0,0.0,48,100,74.6,76.5,76.8,47.2,16.0,9.0,7.0,2.6,4.1
Hackensack,['NJ-5'],New Jersey,0,73.9,1,5.6,9.0,10,N,1013.0,29.9,0.0,0.0,45,100,75.5,76.0,76.7,47.7,16.0,9.0,7.0,10.1,16.2
Sayreville,['NJ-12'],New Jersey,97.22222222222221,,,,,,,,,,,,,,,,,,,,,
Kearny,['NJ-8'],New Jersey,0,,,,,,,,,,,,,,,,,,,,,
Linden,['NJ-8'],New Jersey,0,,,,,,,,,,,,,,,,,,,,,
Atlantic City,['NJ-2'],New Jersey,0,79.0,1,10.5,16.9,300,WNW,1014.0,29.93,0.0,0.0,42,50,81.1,70.9,75.6,56.4,16.0,9.0,6.0,14.4,23.2
Boise City,['ID-1'],Idaho,0,,,,,,,,,,,,,,,,,,,,,
Nampa,['ID-1'],Idaho,0,62.6,1,11.9,19.1,310,NW,1023.0,30.2,0.0,0.0,39,25,62.6,59.5,60.4,36.1,16.0,9.0,5.0,17.5,28.2
Meridian,['MS-3'],Mississippi,0,62.6,1,11.9,19.1,310,NW,1023.0,30.2,0.0,0.0,39,25,62.6,58.7,59.6,36.4,16.0,9.0,5.0,17.5,28.2
Idaho Falls,['ID-2'],Idaho,0,52.0,1,23.0,37.1,190,S,1018.0,30.06,0.0,0.0,77,100,45.8,58.9,60.3,45.6,11.0,6.0,4.0,25.2,40.6
Pocatello,['ID-2'],Idaho,0,60.1,1,21.7,34.9,220,SW,1019.0,30.1,0.0,0.0,49,75,60.1,59.3,60.2,42.2,16.0,9.0,5.0,22.4,36.0
Caldwell,['ID-1'],Idaho,0,62.1,1,18.6,29.9,270,W,1023.0,30.2,0.0,0.0,38,0,62.1,59.3,60.2,35.1,16.0,9.0,5.0,23.0,37.1
Coeur d'Alene,['ID-1'],Idaho,0,,,,,,,,,,,,,,,,,,,,,
Twin Falls,['ID-2'],Idaho,0,60.1,1,25.5,41.0,290,WNW,1021.0,30.16,0.0,0.0,39,25,60.1,58.0,59.3,39.2,16.0,9.0,5.0,30.0,48.2
Birmingham,['AL-7'],Alabama,0,,,,,,,,,,,,,,,,,,,,,
Montgomery,['AL-2'],Alabama,0,86.0,1,9.4,15.1,350,N,1020.0,30.13,0.0,0.0,32,50,84.4,86.0,84.6,52.9,16.0,9.0,8.0,13.9,22.3
Mobile,['AL-1'],Alabama,0,88.0,1,4.3,6.8,40,NE,1020.0,30.12,0.0,0.0,38,25,87.0,90.6,91.1,58.7,16.0,9.0,8.0,4.9,7.9
Tuscaloosa,['AL-4'],Alabama,0,,,,,,,,,,,,,,,,,,,,,
Hoover,['AL-6'],Alabama,0,,,,,,,,,,,,,,,,,,,,,
Dothan,['AL-2'],Alabama,0,88.0,1,6.9,11.2,10,N,1021.0,30.15,0.0,0.0,32,0,87.4,84.8,84.0,54.2,16.0,9.0,7.0,9.0,14.4
Florence,['AL-4'],Alabama,0,,,,,,,,,,,,,,,,,,,,,
Gadsden,['AL-4'],Alabama,0,,,,,,,,,,,,,,,,,,,,,
Des Moines,['IA-3'],Iowa,0,69.8,1,6.9,11.2,10,N,1023.0,30.22,0.0,0.0,43,0,69.8,67.5,67.5,50.4,14.0,8.0,5.0,11.4,18.4
Cedar Rapids,['IA-1'],Iowa,0,70.0,1,9.4,15.1,20,NNE,1023.0,30.21,0.0,0.0,47,0,70.0,66.2,66.2,49.2,16.0,9.0,5.0,9.5,15.3
Davenport,['IA-2'],Iowa,0,71.1,1,11.9,19.1,360,N,1023.0,30.22,0.0,0.0,45,0,71.1,67.0,67.0,49.0,16.0,9.0,5.0,16.3,26.3
Sioux City,['IA-4'],Iowa,0,73.9,1,11.9,19.1,170,S,1022.0,30.18,0.0,0.0,37,0,76.7,69.8,73.2,50.6,16.0,9.0,6.0,16.3,26.3
Iowa City,['IA-2'],Iowa,0,71.1,1,9.4,15.1,30,NNE,1023.0,30.22,0.0,0.0,45,25,71.1,66.9,66.9,49.2,16.0,9.0,5.0,9.5,15.3
Waterloo,['IA-1'],Iowa,0,,,,,,,,,,,,,,,,,,,,,
Council Bluffs,['IA-3'],Iowa,0,,,,,,,,,,,,,,,,,,,,,
Ames,['IA-4'],Iowa,0,69.1,1,2.2,3.6,102,ESE,1023.0,30.22,0.0,0.0,44,0,69.1,66.8,66.8,48.0,16.0,9.0,5.0,6.2,9.9
West Des Moines,['IA-3'],Iowa,0,71.1,1,8.1,13.0,80,E,1023.0,30.22,0.0,0.0,42,25,71.1,67.3,67.3,50.6,16.0,9.0,5.0,12.5,20.2
Dubuque,['IA-1'],Iowa,0,66.9,1,10.5,16.9,30,NNE,1023.0,30.22,0.0,0.0,52,0,66.9,64.3,64.3,51.6,16.0,9.0,5.0,12.1,19.5
Ankeny,['IA-3'],Iowa,0,,,,,,,,,,,,,,,,,,,,,
Urbandale,['IA-3'],Iowa,0,69.8,1,6.9,11.2,10,N,1023.0,30.22,0.0,0.0,43,0,69.8,67.4,67.4,50.2,14.0,8.0,5.0,11.4,18.4
Cedar Falls,['IA-1'],Iowa,0,,,,,,,,,,,,,,,,,,,,,
Little Rock,['AR-2'],Arkansas,0,87.1,1,9.4,15.1,170,S,1020.0,30.12,0.0,0.0,46,75,89.5,82.4,83.3,60.5,16.0,9.0,6.0,13.9,22.3
Fort Smith,['AR-3'],Arkansas,0,79.0,1,6.9,11.2,60,ENE,1020.0,30.11,0.01,0.0,67,50,81.6,77.3,79.8,64.4,16.0,9.0,6.0,11.4,18.4
Springdale,['AR-3'],Arkansas,0,,,,,,,,,,,,,,,,,,,,,
Jonesboro,['AR-1'],Arkansas,0,79.6,1,2.2,3.6,66,ENE,1022.0,30.17,0.0,0.0,47,0,80.4,79.6,80.4,58.1,10.0,6.0,7.0,8.5,13.7
North Little Rock,['AR-2'],Arkansas,0,87.1,1,9.4,15.1,170,S,1020.0,30.12,0.0,0.0,46,75,89.5,82.4,83.3,60.5,16.0,9.0,6.0,13.9,22.3
Conway,['AR-2'],Arkansas,0,85.6,1,2.2,3.6,10,N,1019.0,30.1,0.0,0.0,43,75,88.4,81.2,82.6,61.8,16.0,9.0,6.0,6.2,9.9
Rogers,['AR-3'],Arkansas,0,,,,,,,,,,,,,,,,,,,,,
Pine Bluff,['AR-4'],Arkansas,0,87.1,1,8.1,13.0,130,SE,1020.0,30.12,0.0,0.0,42,0,88.6,82.3,82.9,58.9,16.0,9.0,7.0,12.5,20.2
Bentonville,['AR-3'],Arkansas,0,72.6,1,5.1,8.3,144,SE,1020.0,30.13,0.54,0.02,78,88,76.5,72.6,76.5,66.1,9.0,5.0,5.0,7.7,12.4
Salt Lake City,['UT-2'],Utah,0,77.0,1,15.0,24.1,330,NNW,1015.0,29.98,0.0,0.0,33,50,76.5,72.6,74.1,40.8,16.0,9.0,6.0,19.5,31.3
West Valley City,['UT-4'],Utah,0,77.0,1,15.0,24.1,330,NNW,1015.0,29.98,0.0,0.0,33,50,76.5,73.4,74.5,41.5,16.0,9.0,6.0,19.5,31.3
Provo,['UT-3'],Utah,0,82.0,1,9.4,15.1,130,SE,1015.0,29.98,0.0,0.0,16,50,80.1,72.0,72.8,38.1,16.0,9.0,6.0,13.9,22.3
West Jordan,['UT-4'],Utah,0,74.7,1,23.0,37.1,310,NW,1016.0,30.01,0.0,0.0,31,0,74.8,73.6,74.2,39.2,16.0,9.0,6.0,27.5,44.3
Orem,['UT-3'],Utah,0,82.0,1,9.4,15.1,130,SE,1015.0,29.98,0.0,0.0,16,50,80.1,66.0,66.0,31.6,16.0,9.0,5.0,13.9,22.3
Sandy,['UT-3'],Utah,0,,,,,,,,,,,,,,,,,,,,,
Ogden,['UT-1'],Utah,0,,,,,,,,,,,,,,,,,,,,,
St. George,['UT-2'],Utah,0,,,,,,,,,,,,,,,,,,,,,
Layton,['UT-1'],Utah,0,73.6,1,8.1,13.0,280,W,1016.0,29.99,0.0,0.0,30,75,76.3,67.0,67.0,45.5,16.0,9.0,5.0,12.5,20.2
Taylorsville,['UT-4'],Utah,0,77.0,1,15.0,24.1,330,NNW,1015.0,29.98,0.0,0.0,33,50,76.5,72.9,74.3,41.5,16.0,9.0,6.0,19.5,31.3
Providence,['RI-1'],Rhode Island,0,72.0,1,12.5,20.2,180,S,1012.0,29.88,0.0,0.0,64,75,75.8,72.8,75.9,50.7,16.0,9.0,6.0,17.0,27.4
Cranston,['RI-2'],Rhode Island,0,,,,,,,,,,,,,,,,,,,,,
Warwick,['RI-2'],Rhode Island,0,72.0,1,12.5,20.2,180,S,1012.0,29.88,0.0,0.0,64,75,76.1,71.5,75.9,52.5,16.0,9.0,6.0,17.0,27.4
Pawtucket,['RI-1'],Rhode Island,0,72.0,1,12.5,20.2,180,S,1012.0,29.88,0.0,0.0,64,75,75.8,72.8,75.9,50.7,16.0,9.0,6.0,17.0,27.4
East Providence,['RI-1'],Rhode Island,0,,,,,,,,,,,,,,,,,,,,,
Gulfport,['MS-4'],Mississippi,0,,,,,,,,,,,,,,,,,,,,,
Southaven,['MS-1'],Mississippi,0,,,,,,,,,,,,,,,,,,,,,
Biloxi,['MS-4'],Mississippi,0,90.0,1,12.5,20.2,120,ESE,1019.0,30.1,0.0,0.0,41,50,92.8,87.1,88.8,62.5,16.0,9.0,8.0,17.0,27.4
Hattiesburg,['MS-4'],Mississippi,0,,,,,,,,,,,,,,,,,,,,,
Olive Branch,['MS-1'],Mississippi,0,86.0,1,9.4,15.1,350,N,1020.0,30.13,0.0,0.0,31,0,87.2,80.3,80.9,57.0,16.0,9.0,7.0,13.9,22.3
Tupelo,['MS-1'],Mississippi,0,87.1,1,2.2,3.6,11,NNE,1020.0,30.13,0.0,0.0,30,0,88.6,81.4,81.8,57.7,16.0,9.0,7.0,3.7,6.0
Horn Lake,['MS-1'],Mississippi,0,82.9,1,5.6,9.0,330,NNW,1020.0,30.13,0.0,0.0,40,25,82.8,81.1,81.2,55.3,16.0,9.0,7.0,10.1,16.2
Sioux Falls,['SD-1'],South Dakota,0,71.1,1,10.5,16.9,150,SSE,1022.0,30.18,0.0,0.0,44,25,71.1,66.7,66.8,48.3,16.0,9.0,5.0,11.1,17.8
Rapid City,['SD-1'],South Dakota,0,79.0,1,19.2,31.0,160,SSE,1014.0,29.93,0.0,0.0,41,0,79.8,75.2,76.3,54.1,16.0,9.0,6.0,26.8,43.1
Aberdeen,['SD-1'],South Dakota,0,,,,,,,,,,,,,,,,,,,,,
Brookings,['SD-1'],South Dakota,0,,,,,,,,,,,,,,,,,,,,,
Bridgeport,['CT-4'],Connecticut,0,71.1,1,10.5,16.9,220,SW,1013.0,29.91,0.0,0.0,57,100,71.1,70.8,75.3,51.5,16.0,9.0,6.0,15.0,24.1
New Haven,['CT-3'],Connecticut,0,69.8,1,9.4,15.1,240,WSW,1013.0,29.91,0.0,0.0,64,100,69.8,68.8,69.9,52.6,16.0,9.0,6.0,13.9,22.3
Stamford,['CT-4'],Connecticut,0,73.0,1,3.8,6.1,290,WNW,1013.0,29.92,0.0,0.0,51,75,76.3,70.7,75.3,51.2,16.0,9.0,6.0,8.3,13.3
Hartford,['CT-1'],Connecticut,0,,,,,,,,,,,,,,,,,,,,,
Waterbury,['CT-5'],Connecticut,0,,,,,,,,,,,,,,,,,,,,,
Norwalk,['CT-4'],Connecticut,0,64.9,1,2.2,3.6,10,N,1017.0,30.03,0.0,0.0,65,100,64.9,68.2,71.0,51.7,16.0,9.0,6.0,8.0,12.9
Danbury,['CT-5'],Connecticut,0,73.0,1,8.1,13.0,330,NNW,1014.0,29.93,0.0,0.0,44,100,75.5,73.1,75.6,47.4,16.0,9.0,6.0,12.5,20.2
New Britain,['CT-5'],Connecticut,0,75.0,1,5.6,9.0,300,WNW,1012.0,29.89,0.0,0.0,43,100,76.1,74.0,76.1,47.5,16.0,9.0,6.0,10.1,16.2
West Hartford,['CT-1'],Connecticut,0,,,,,,,,,,,,,,,,,,,,,
Greenwich,['CT-4'],Connecticut,0,,,,,,,,,,,,,,,,,,,,,
Charleston,['WV-2'],West Virginia,0,89.6,1,9.4,15.1,340,NNW,1016.0,29.99,0.0,0.0,34,0,90.6,86.8,86.9,58.7,16.0,9.0,8.0,13.9,22.3
North Charleston,['SC-1'],South Carolina,0,,,,,,,,,,,,,,,,,,,,,
Mount Pleasant,['SC-1'],South Carolina,0,89.6,1,9.4,15.1,340,NNW,1016.0,29.99,0.0,0.0,34,0,92.4,85.0,85.8,60.6,16.0,9.0,7.0,13.9,22.3
Rock Hill,['SC-5'],South Carolina,0,82.4,1,4.3,6.8,280,W,1017.0,30.04,0.0,0.0,28,0,80.2,83.2,80.9,46.8,16.0,9.0,7.0,9.0,14.5
Summerville,['SC-1'],South Carolina,0,87.8,1,6.9,11.2,310,NW,1016.0,29.99,0.0,0.0,33,75,86.3,87.6,86.2,54.0,16.0,9.0,8.0,9.3,14.9
Goose Creek,['SC-1'],South Carolina,0,86.0,1,4.3,6.8,10,N,1016.0,30.0,0.0,0.0,35,0,84.3,88.3,87.0,54.4,16.0,9.0,8.0,8.5,13.7
Sumter,['SC-5'],South Carolina,0,86.0,1,9.4,15.1,320,NW,1016.0,29.99,0.0,0.0,32,25,84.0,86.4,84.6,51.5,16.0,9.0,8.0,13.9,22.3
Hilton Head Island,['SC-1'],South Carolina,0,87.8,1,12.5,20.2,20,NNE,1017.0,30.02,0.0,0.0,36,0,89.0,86.5,87.3,60.5,16.0,9.0,8.0,17.0,27.4
Manchester,['NH-1'],New Hampshire,0,,,,,,,,,,,,,,,,,,,,,
Nashua,['NH-2'],New Hampshire,0,,,,,,,,,,,,,,,,,,,,,
Fargo,['ND-1'],North Dakota,0,,,,,,,,,,,,,,,,,,,,,
Bismarck,['ND-1'],North Dakota,0,72.0,1,24.2,38.9,150,SSE,1016.0,30.0,0.0,0.0,44,0,76.2,68.7,71.1,51.8,16.0,9.0,6.0,28.6,46.1
Grand Forks,['ND-1'],North Dakota,0,,,,,,,,,,,,,,,,,,,,,
Minot,['ND-1'],North Dakota,0,72.0,1,21.7,34.9,150,SSE,1014.0,29.95,0.0,0.0,44,0,76.2,67.9,70.7,50.6,16.0,9.0,6.0,23.4,37.7
Billings,['MT-1'],Montana,0,,,,,,,,,,,,,,,,,,,,,
Missoula,['MT-1'],Montana,0,,,,,,,,,,,,,,,,,,,,,
Great Falls,['MT-1'],Montana,0,61.7,1,12.5,20.2,280,W,1014.0,29.94,0.0,0.0,46,100,61.7,63.1,63.1,40.6,16.0,9.0,4.0,18.3,29.4
Bozeman,['MT-1'],Montana,0,55.0,1,10.5,16.9,320,NW,1016.0,30.0,0.43,0.02,86,100,53.6,58.0,58.4,48.4,16.0,9.0,3.0,15.0,24.1
Dover,['DE-1'],Delaware,0,75.2,1,10.5,16.9,70,ENE,1013.0,29.91,0.0,0.0,55,50,77.3,74.4,76.7,54.2,11.0,6.0,6.0,15.0,24.1
Cheyenne,['WY-1'],Wyoming,0,,,,,,,,,,,,,,,,,,,,,
Casper,['WY-1'],Wyoming,0,,,,,,,,,,,,,,,,,,,,,
Huntington,['WV-3'],West Virginia,0,,,,,,,,,,,,,,,,,,,,,
Morgantown,['WV-1'],West Virginia,0,72.0,1,8.1,13.0,260,W,1015.0,29.97,0.04,0.0,44,50,75.8,67.6,67.6,48.0,16.0,9.0,5.0,14.2,22.9
Parkersburg,['WV-1'],West Virginia,0,69.1,1,12.5,20.2,310,NW,1017.0,30.03,0.0,0.0,47,50,69.1,69.4,70.7,44.1,16.0,9.0,6.0,17.0,27.4
Weirton,['WV-1'],West Virginia,0,,,,,,,,,,,,,,,,,,,,,
Fairmont,['WV-1'],West Virginia,0,64.9,1,6.9,11.2,260,W,1015.0,29.98,0.01,0.0,54,100,64.9,69.1,70.5,44.3,16.0,9.0,5.0,16.6,26.7
Beckley,['WV-3'],West Virginia,0,,,,,,,,,,,,,,,,,,,,,
Martinsburg,['WV-2'],West Virginia,0,,,,,,,,,,,,,,,,,,,,,
Clarksburg,['WV-1'],West Virginia,0,64.9,1,6.9,11.2,260,W,1015.0,29.98,0.09,0.0,54,100,64.9,68.1,69.3,43.8,16.0,9.0,5.0,14.3,23.0
